username,date,retweets,favorites,text,geo,mentions,hashtags,id,permalink,
,12/30/16 09:05,0,0,Demonetisaton ka Asar #WoW https:// twitter.com/Pradesh18Guj/s tatus/814831401094656000 äó_,,,#WoW,8.15E+17,https://twitter.com/goeltm_tg/status/814834706852114432,
,12/30/16 07:40,0,0,Demonetisaton Effect https:// twitter.com/PTI_News/statu s/814811456172478464 äó_,,,,8.15E+17,https://twitter.com/goeltm_tg/status/814813412949512192,
,12/30/16 05:02,2,1,#Demonetisaton D-day https:// twitter.com/ChandrusWeb/st atus/814770510701543424 äó_,,,#Demonetisaton,8.15E+17,https://twitter.com/pierrefitter/status/814773537391013888,
,12/30/16 04:29,0,0,50 days over of #demonetisaton . Calculations based on the meager numbers the #RBI has released prove that the... http:// fb.me/10qz3YDkc,,,#demonetisaton #RBI,8.15E+17,https://twitter.com/LogicalSpin/status/814765435769868292,
,12/29/16 22:35,1,0,We know @narendramodi start his campaigns with false promises and became PM.He is taking Demonetisaton same way #TimeUpModi @GauravPandhi,,@narendramodi @GauravPandhi,#TimeUpModi,8.15E+17,https://twitter.com/BaseraMahipal/status/814676191986782214,
,12/29/16 11:17,0,0,After Demonetisaton most Congress top leaders have gone in hidding n r not seen with RaGa. The reason best Known to them. India alert.,,,,8.15E+17,https://twitter.com/alex_gaga1961/status/814505686465847296,
,12/29/16 01:29,1,8,ö_Âö«†ö_ôö_åö_‰ö__ö«ó:ö_èö_¿ö_Áö_‚ö«†ö_Áö«çö_Ÿ ö_îö_Á ö_Êö_Áö«çö_¬ö«ó ö_Âö«ˆ ö_êö_Ÿö«ˆ ö_´ö«ó ö_¬ö__ö__ #indianairforce #army #demonetisaton http:// bit.ly/2igvoJh pic.twitter.com/xYPZsavgm9,,,#indianairforce #army #demonetisaton,8.14E+17,https://twitter.com/news24tvchannel/status/814357557968048128,
,12/28/16 18:33,2,2,If Dangal is doing as well as reported,,,,,,
,12/28/16 15:03,11,17,How the Indian Air Force and Army fuelled the economy post demonetisaton http:// toi.in/1JfPrZ26/a20ci,,,,8.14E+17,https://twitter.com/amritabhinder/status/814200229415120896,
,12/28/16 14:19,9,7,How IAF,,,,,,
,12/28/16 11:20,22,46,How the Indian Air Force and Army fuelled the economy post demonetisaton http:// toi.in/1JfPrZ26 pic.twitter.com/zNwC7gCOML,,,,8.14E+17,https://twitter.com/timesofindia/status/814143882657153024,
,12/28/16 10:18,0,0,How IAF,,,,,,
,12/28/16 06:14,0,0,Then why did the Leftists cry over demonetisaton / digital payment & abuse hurled on Modi? Can they withdraw their earlier stmts & aplogize? https:// twitter.com/manoramanews/s tatus/814063614646571008 äó_,,,,8.14E+17,https://twitter.com/gopakumar67/status/814067012796301312,
,12/28/16 03:33,0,0,Convinience fees are being charged for many cashless transactions even before 8/11...It should not be charged but is not bcoz #demonetisaton https:// twitter.com/srivatsayb/sta tus/813737778659921920 äó_,,,#demonetisaton,8.14E+17,https://twitter.com/KartikSheth/status/814026391834365953,
,12/28/16 03:11,17,19,Foreign Tourist Arrivals In India Rise In the Midst of Demonetisaton pic.twitter.com/hIb5Uq9G0n,,,,8.14E+17,https://twitter.com/TheIndiaEye/status/814020822310350850,
,12/28/16 01:43,8,25,#BREAKING -- BJP counters Rahul's #demonetisaton charge: BJP leader,,,,,,
,12/27/16 23:55,6,2,Even after 50 days of #demonetisaton ,,,,,,
,12/27/16 23:38,0,0,Himalayan Blunder of 2016 is Demonetisaton of Currency by Indian dictator ruler.History will record this blunder.,,,,8.14E+17,https://twitter.com/sunlotus123/status/813967402878676992,
,12/27/16 13:37,4,2,Carrie Fisher George Michael Leonard Cohen David Bowie Prince 105 Demonetisaton #FuckOff2016,,,#FuckOff2016,8.14E+17,https://twitter.com/goeltm_tg/status/813815990895013888,
,12/27/16 11:32,0,0,Due to Demonetisaton the Black Marketing/Hoarders of Vegetables hv forced prices come down,,,,,,
,12/27/16 06:09,0,0,#demonetisaton #DigitalIndia In panchkula already no lines and atm has money too https:// twitter.com/JwalantSoneji/ status/813638931795312640 äó_,,,#demonetisaton #DigitalIndia,8.14E+17,https://twitter.com/hitender1977/status/813703229385031680,
,12/27/16 02:57,0,0,O really? why everythng backfires 4 bjp only Surgical strike,,,,,,
,12/27/16 01:53,0,0,But why now? Is the core #Demonetisaton team not enough to advise further..?,,,#Demonetisaton,8.14E+17,https://twitter.com/manohr/status/813639024644620288,
,12/27/16 01:53,1,2,Friends saw ATMs with money and no queue for the first time yesterday. #demonetisaton #DigitalIndia,,,#demonetisaton #DigitalIndia,8.14E+17,https://twitter.com/JwalantSoneji/status/813638931795312640,
,12/26/16 11:31,1,0,i dont oppose demonetisaton or ur plans,,,,,,
,12/26/16 11:27,0,0,It is not anti Demonetisaton ,,,,,,
,12/25/16 13:08,0,0,@PrakashJavdekar My charitable trust can't pay my fee because of this Demonetisaton effect and college is not extending the payment date.,,@PrakashJavdekar,,8.13E+17,https://twitter.com/Srinivas143237/status/813084019369852929,
,12/24/16 23:40,0,1,Banks to allow only one deposit per account if amount exceeds Rs.5,,,,,,
,12/22/16 08:13,0,0,Farmrs in K'taka r facnghardshps in sellng ther kharif produce in mandis coz #demonetisaton @KrishanByre Gowda said. https:// goo.gl/nV88f9,,@KrishanByre,#demonetisaton,8.12E+17,https://twitter.com/MohanKM14/status/811922515782008833,
,12/22/16 04:07,0,0,Hey,,,,,,
,12/21/16 13:56,1,2,Good job with managing the country Sir,,,,,,
,12/21/16 12:25,0,0,Kindly please take out 1- 2 min and fill this survey on * DEMONETISATON * https:// goo.gl/forms/jmsqZb69 5ikXVfoc2 äó_,,,,8.12E+17,https://twitter.com/HarshdeepBatra/status/811623737372135424,
,12/21/16 06:06,0,0,First they say ,,,,,,
,12/21/16 06:00,0,2,#learn the Reality of #Demonetisaton Myths Exposed @brainbuxa https://www. brainbuxa.com/blog/breaking- myths-about-demonetization äó_,,@brainbuxa,#learn #Demonetisaton,8.12E+17,https://twitter.com/hashPune/status/811526638097735682,
,12/21/16 05:09,0,1,Demonetisaton of currency and free usage of Jio offers are same in practice as the first has no preparation and the latter no coverage,,,,8.12E+17,https://twitter.com/sunlotus123/status/811513816404017153,
,12/20/16 14:43,0,1,and the govt claims there was 10 mnth of prepration behind demonetisaton,,,,8.11E+17,https://twitter.com/abhi_leo1/status/811296070395252736,
,12/20/16 10:22,0,0,He must hv got advance guidence from PM on Demonetisaton ,,,,,,
,12/20/16 06:00,1,1,Banks to allow only one deposit per account if amount exceeds Rs.5,,,,,,
,12/20/16 02:23,0,0,JNU - Surgcal Strikes - Demonetisaton #2016in3words https:// twitter.com/Madan_Chikna/s tatus/811108776359010304 äó_,,,#2016in3words,8.11E+17,https://twitter.com/AkashyapMLNC/status/811109690146885632,
,12/20/16 01:35,0,0,@PMOIndia What is ur plan of demonetisaton ? Already 41 days r over. U have to do something otherwise people will loose hope on u.,,@PMOIndia,,8.11E+17,https://twitter.com/santoshs433/status/811097563348672512,
,12/19/16 22:50,0,0,After 43 days of demonetisaton still banks are giving just 2000 rs after being in queue for 3 hrs. Is this the planing of government,,,,8.11E+17,https://twitter.com/Neerajg16/status/811056123084058624,
,12/19/16 08:49,0,0,If govt. Demonetisaton is successful hats off,,,,,,
,12/19/16 07:36,0,0,"@MamtaOfficial DIDI KO GUSSA KYUON AATA HAI' #ShardaChitFund #Malda all negated @Demonetisaton be a leader why follow Venezuela https:// twitter.com/IndiaTodayFLAS H/status/810823558863736832 äó_""",,@MamtaOfficial @Demonetisaton,#ShardaChitFund #Malda,8.11E+17,https://twitter.com/Arvinderghai/status/810826047906267136,
,12/19/16 06:58,0,1,Media prostitutes will never highlight severe blow to serious 'crime' of all kinds by #demonetisaton Without doubt Muslims r Mafia leaders. https:// twitter.com/anupampkher/st atus/810815175892881408 äó_,,,#demonetisaton,8.11E+17,https://twitter.com/GetRidofDevils/status/810816573455757312,
,12/19/16 05:16,0,0,All kind of illegal trades are hit by monetary surgical strike by NaMo. Demonetisaton has brought the... http:// fb.me/7sBpmngyI,,,,8.11E+17,https://twitter.com/AjitsinhJagirda/status/810790813961691136,
,12/19/16 03:28,6,1,By now,,,,,,
,12/19/16 02:48,2,1,10000 accounts in Assam under tax radar for deposit of Rs 49000 during demonetisaton ... http:// ln.is/4x9WR by #band318 via @c0nvey,,@c0nvey,#band318,8.11E+17,https://twitter.com/AjitsinhJagirda/status/810753574481301504,
,12/18/16 20:47,5,2,#Demonetisaton Athar Khan says he lost his wife as he couldn't withdraw money for her treatment. http:// fb.me/4LeBpKjOq,,,#Demonetisaton,8.11E+17,https://twitter.com/milligazette/status/810662865824862209,
,12/18/16 11:20,0,0,we salute to this Greatest Personality #Jasodaben who sacrifice their all thing #PMModi #Demonetisaton,,,#Jasodaben #PMModi #Demonetisaton,8.11E+17,https://twitter.com/ashurai123/status/810520223619096577,
,12/18/16 11:19,0,0,Retweeted The Wire ( @thewire_in ): #Demonetisaton Athar Khan says he lost his wife as he couldn't withdraw money... http:// fb.me/8kExdY2aU,,@thewire_in,#Demonetisaton,8.11E+17,https://twitter.com/JBhattacharji/status/810519984321556480,
,12/18/16 10:17,0,1,Y is #SupremeCourt is so lithargic on an issue which is so depressing and related to 125crore Indians. #Demonetisaton,,,#SupremeCourt #Demonetisaton,8.11E+17,https://twitter.com/rohiit_jain/status/810504175910027264,
,12/18/16 09:07,279,127,#Demonetisaton Athar Khan says he lost his wife as he couldn't withdraw money for her treatment. Watch this short video to know his story. pic.twitter.com/fhLNigQUIc,,,#Demonetisaton,8.10E+17,https://twitter.com/thewire_in/status/810486772639612928,
,12/18/16 03:47,83,57,10000 accounts in Assam under tax radar for deposit of Rs 49000 during demonetisaton period https://www. telegraphindia.com/1161217/jsp/fr ontpage/story_125212.jsp äó_,,,,8.10E+17,https://twitter.com/InternetHindus/status/810406243881730048,
,12/18/16 02:08,0,2,Muslim guy 4m Mumbra who joined ISIS wasnt uneducated or sufering due 2 demonetisaton . A grad working in middle East http:// m.hindustantimes.com/mumbai-news/mu mbra-man-claims-his-brother-has-joined-isis-and-is-now-in-iraq/story-H7mvMdpQJ3gIQZ14ZfhHpK.html äó_,,,,8.10E+17,https://twitter.com/InternetHindus/status/810381322254315521,
,12/17/16 19:33,0,0,Arbind,,,,,,
,12/17/16 12:27,0,0,Final #BlrLitFest session I attended (part of) was on demonetisaton ; moderated by @mihirssharma who was funny,,,,,,
,12/17/16 08:48,0,0,Demonetisaton se terrororism par nakel kasi jaegi Q DOLLAR KA RUTBA RUPAIYA SE KUM HY KYA????,,,,8.10E+17,https://twitter.com/MdAmanu96610425/status/810119453325266944,
,12/17/16 06:21,14,16,Prices of real estate will go down by 30 per cent as a result of #demonetisaton : @dravirmani to @rajeevdubey at #MindRush16 pic.twitter.com/0ZnjeiyBUO,,@dravirmani @rajeevdubey,#demonetisaton #MindRush16,8.10E+17,https://twitter.com/BT_India/status/810082531525562368,
,12/17/16 01:32,0,0,All political parties should be brought under RTI preview. Why Spl. favor for Pol.parties on tax. Demonetisaton seems failure n nothing.,,,,8.10E+17,https://twitter.com/alex_gaga1961/status/810009701949673472,
,12/16/16 16:08,0,0,demonetisaton se pahle hi modi ke karibiyon aur ministers ke pass nay pahunch Chuka tha.wahi paise ab pakda Ja rahe hain,,,,8.10E+17,https://twitter.com/bindass200/status/809867883455148034,
,12/16/16 12:19,1,0,@nirbhaisingh07 Even East U p BJP MPs presented a gloomy picture of demonetisaton .Only Modibhaktas stuti karahi sunai sunai,,@nirbhaisingh07,,8.10E+17,https://twitter.com/ips_suvrat/status/809810258801459200,
,12/16/16 11:53,2,2,+++ Demonetisaton + Pakistan Incursion + Suit Boot https:// twitter.com/smritiirani/st atus/356639832098869248 äó_,,,,8.10E+17,https://twitter.com/goeltm_tg/status/809803740299411456,
,12/16/16 09:17,3,1,Anybody Who Supported Demonetisaton of Modi Got Fooled Everything was Farce Exercise as per MOF Statements today MMS has Mind Modi Mindless,,,,8.10E+17,https://twitter.com/goeltm_tg/status/809764377624592385,
,12/16/16 08:50,11,6,Here you go! Hogwash Demonetisaton . https:// twitter.com/timesofindia/s tatus/809756496573571072 äó_,,,,8.10E+17,https://twitter.com/ranjona/status/809757528825462785,
,12/16/16 06:58,2,9,#Blackmoney #Demonetisaton pic.twitter.com/T14JJHDBlN,,,#Blackmoney #Demonetisaton,8.10E+17,https://twitter.com/PTTVOnlineNews/status/809729370038247424,
,12/16/16 06:30,0,0,The krazy quizmaster of yesteryears wasted on #dirtypolitics & its Mamta PITY @quizderek @CNNnews18 @Zaka_Jacob #Demonetisaton https:// twitter.com/Zakka_Jacob/st atus/809720828870787072 äó_,,@quizderek @CNNnews18 @Zaka_Jacob,#dirtypolitics #Demonetisaton,8.10E+17,https://twitter.com/Arvinderghai/status/809722368599932929,
,12/16/16 04:49,0,0,This is Duping ,,,,,,
,12/16/16 01:25,0,0,Modi hit century in Demonetisaton match Demonetisation has killed 100 people: Mamata http://www. tellmeboss.com,,,,8.10E+17,https://twitter.com/mallikgn/status/809645591269511168,
,12/15/16 13:15,0,0,Somebody should Ring the Bell What @UrjitPatelRBI should Do Just Resign if Decision of Demonetisaton is of Modi Very Simple https:// twitter.com/sardesairajdee p/status/809433091315994624 äó_,,@UrjitPatelRBI,,8.09E+17,https://twitter.com/goeltm_tg/status/809461910689103872,
,12/15/16 10:52,0,0,How would u justify 1215 bike purchasing that too during demonetisaton where a normal person can't easily withdraw 2000rs!,,,,8.09E+17,https://twitter.com/akrishna_im/status/809425995069427712,
,12/15/16 09:27,6,0,Hunger Games: #Demonetisaton Edition Millions compete in a deadly months-long endurance test. Use a digital powerup & Pres Snow rewards you https:// twitter.com/PiyushGoyal/st atus/809371049385148418 äó_,,,#Demonetisaton,8.09E+17,https://twitter.com/pierrefitter/status/809404585177534464,
,12/15/16 08:30,0,0,A high intellect discourse on #Demonetisaton http:// fb.me/S93xKWOn,,,#Demonetisaton,8.09E+17,https://twitter.com/rajeevvaid/status/809390108419956736,
,12/15/16 02:25,0,0,Yeh to trend hi galat hai ji --> #Demonitization #Demonetisaton ko aage badhao!,,,#Demonitization #Demonetisaton,8.09E+17,https://twitter.com/SaviourOfHearts/status/809298215665176576,
,12/15/16 02:16,1,0,#Demonetisaton #Effect | Cotton supply hit badly,,,,,,
,12/15/16 02:12,29,44,Look who is here already! Sify cartoon #demonetisaton pic.twitter.com/MdJX2XLHzf,,,#demonetisaton,8.09E+17,https://twitter.com/satishacharya/status/809295093836312576,
,12/15/16 01:34,0,0,I cannot think of a better way of putting into words what #demonetisaton will result in. https:// twitter.com/jairajsinghr/s tatus/809283623597711360 äó_,,,#demonetisaton,8.09E+17,https://twitter.com/sonam_denzongpa/status/809285361335681024,
,12/15/16 01:20,1,3,Demon-etisation äóñ Whatäó»s The Fuss About? #demonetisaton #DeMonetisationResponse http:// newsworldindia.in/business/demon -etisation-whats-the-fuss-about/239214/ äó_,,,#demonetisaton #DeMonetisationResponse,8.09E+17,https://twitter.com/NewsWorldIN/status/809282047957053440,
,12/15/16 01:19,0,0,#RahulGandhi to highlight pain of people post #demonetisaton http:// bit.ly/2hHKhHc @narendramodi #corruption #LokSabha #RajyaSabha pic.twitter.com/7z2AqdrbH6,,@narendramodi,#RahulGandhi #demonetisaton #corruption #LokSabha #RajyaSabha,8.09E+17,https://twitter.com/newstrack01/status/809281642363658240,
,12/15/16 01:07,0,0,Hiring outlook in the post #demonetisaton world. http:// bit.ly/2h2RTjB,,,#demonetisaton,8.09E+17,https://twitter.com/dcvikram/status/809278797690216449,
,12/15/16 01:07,0,0," #demonetisaton has helped in exposing criminals in r banks n the very system itself."".. #SwachBharat abhiyaan ... http://www. mediacrooks.com/2016/12/why-co mmies-fail-3.html äó_""",,,#demonetisaton #SwachBharat,8.09E+17,https://twitter.com/radharaju18/status/809278574381256704,
,12/15/16 01:05,0,0,no effect of #demonetisaton on #terror ,,,,,,
,12/15/16 00:48,0,0,@KilaFateh @INCIndia @mamtabannerjee @ArvindKejriwal @MayawatiUp @aajtak Any answers?? Are these these not 1 of d benefits of #demonetisaton https:// twitter.com/abpnewstv/stat us/809077485673455617 äó_,,@KilaFateh @INCIndia @mamtabannerjee @ArvindKejriwal @MayawatiUp @aajtak,#demonetisaton,8.09E+17,https://twitter.com/AnilVegomega/status/809273942443692036,
,12/15/16 00:41,0,0,Demonetisaton - Remonitisation #Cost?,,,#Cost,8.09E+17,https://twitter.com/saralmitra/status/809272136435044353,
,12/14/16 21:33,0,0,Demonetisaton : April 2017: Earliest India Will Get Its #Cash Back http:// bit.ly/2gN7bez pic.twitter.com/FelG73d6n3,,,#Cash,8.09E+17,https://twitter.com/OmmcomNews/status/809224818088431618,
,12/14/16 00:39,0,0,@narendramodi sir i support ur #demonetisaton bt in ths situation whr myson study its bhalbhavan school not accept hisfee by cheque sowht do,,@narendramodi,#demonetisaton,8.09E+17,https://twitter.com/KBD1984/status/808909174734196739,
,12/13/16 12:07,0,0,Corrupt banking system is inherited by Modi admin. They are sabotaging his demonetisaton plan. Seeing a case of fence eating the crops!,,,,8.09E+17,https://twitter.com/Vamadeva/status/808720052685934592,
,12/13/16 11:49,0,0,@narendramodi @Swamy39 biggest corruption in banks. #demonetisaton may fail due to that.needs urgent action,,@narendramodi @Swamy39,#demonetisaton,8.09E+17,https://twitter.com/sudhirbh27/status/808715497403453440,
,12/13/16 08:48,1,2,#BJP has to face the ignominy,,,,,,
,12/13/16 06:59,0,0,#Demonetisaton disrupts #GST Counciläó»s schedule. Targets Dec 22-23 for a consensus date now! Read more: http:// ln.is/www.thefinapol is.com/ASKpJ äó_,,,#Demonetisaton #GST,8.09E+17,https://twitter.com/KarvyFinapolis/status/808642429083590657,
,12/13/16 04:13,0,0,Demonetisaton woes: Long queues back as banks re-open after three-day holiday via @htTweets http:// ln.is/hindustantimes .com/VJ46V äó_,,@htTweets,,8.09E+17,https://twitter.com/muralidharreddy/status/808600789698695168,
,12/13/16 01:58,0,0,@OfficeOfRG IT is the PM who announced the demonetisaton as such it he who should answer the common people and not venkiah or ananth kumar,,@OfficeOfRG,,8.09E+17,https://twitter.com/krshnamurthybs/status/808566644813348864,
,12/12/16 23:35,0,0,@priyankac19 intellects Venezuela is in a bad shape due to falling Crude prices not bcos #demonetisaton in India @mediacrooks,,@priyankac19 @mediacrooks,#demonetisaton,8.09E+17,https://twitter.com/TweetHarshul/status/808530684914507777,
,12/12/16 22:45,2,1,With the cash crunch continuing,,,,,,
,12/12/16 18:48,0,1,Intolerance comes in our way in India in many ways,,,,,,
,12/12/16 10:05,0,0,Shame shame shame. Is this the way to remove black money/ corruption. What type of Demonetisaton is this?????,,,,8.08E+17,https://twitter.com/alex_gaga1961/status/808326921230499844,
,12/12/16 10:00,0,0,What is Demonetisaton ? Black money are exchange directly through banks / posts etc. Where ATMs r empty. Huge new notes r seized,,,,,,
,12/11/16 23:02,0,0,dEMONETISATON requires passing of an amendment in RBI as it is now an administrative action.The matter may be placed in Parliament,,,,8.08E+17,https://twitter.com/ksn1935/status/808160105313075200,
,12/11/16 22:19,1,0,#ö_çö_Áö_Èö«†ö_´_Feku_ö__ö__ö_ìö__ö_Ëö_Á_ö__ö«† every1 wants to know d benefits of Demonetisaton @narendramodi sud make ppl understand @ajaymaken @Sharmistha_GK,,@narendramodi @ajaymaken @Sharmistha_GK,#ö_çö_Áö_È,8.08E+17,https://twitter.com/BaseraMahipal/status/808149288308051968,
,12/11/16 12:26,0,0,Demonetisaton is eyewash of govt,,,,,,
,12/11/16 06:40,0,0,Paytm krenge.. Pehle service theek kro.. Cashless banenge... Pehle iss layak banao infrastructure apna modi g.. Demonetisaton failure..,,,,8.08E+17,https://twitter.com/sunilsh52245357/status/807913025265016832,
,12/11/16 05:19,0,0,A revolutionary and visionary change have temporal sick affect but have long lasting healthy effect. #CashlessEconomy #demonetisaton,,,#CashlessEconomy #demonetisaton,8.08E+17,https://twitter.com/ashusri88/status/807892651219546112,
,12/11/16 04:26,0,0,indian banks turned a great initiative of demonetisaton to worst initiative.they converted all black money poor are crying now,,,,8.08E+17,https://twitter.com/UmeshArya15/status/807879269418287104,
,12/10/16 22:06,0,0,@varshasinghmcx demonetisaton se bhrashtachaar kaladhan rukega kya ?,,@varshasinghmcx,,8.08E+17,https://twitter.com/yadunathsingh20/status/807783683029684224,
,12/10/16 07:45,0,0,It is very clear by interruption in Parliament that 80% of MPs are having blackmoney n r against Demonetisaton these including BJP..,,,,8.08E+17,https://twitter.com/alex_gaga1961/status/807566955246780417,
,12/10/16 07:04,0,0,#Demonetisaton | PM #Narendra_Modi #Slams #Opposition Over #Notes_Ban | #TNews http:// bit.ly/2hiatFh http:// fb.me/1HO4T1J2J,,,#Demonetisaton #Narendra_Modi #Slams #Opposition #Notes_Ban #TNews,8.08E+17,https://twitter.com/TNewstg/status/807556594258980864,
,12/10/16 06:55,0,1,Please show this to @ArvindKejriwal ,,,,,,
,12/10/16 06:30,0,1,#Demonetisaton |PM #Modi Over #Mobile_Banking #Benefits | #Digital_Payments | #TNews http:// bit.ly/2hfMCsd http:// fb.me/67SOr9cGJ,,,#Demonetisaton #Modi #Mobile_Banking #Benefits #Digital_Payments #TNews,8.08E+17,https://twitter.com/TNewstg/status/807548095693144064,
,12/10/16 06:19,1,0,Demonetisaton : Criticise me,,,,,,
,12/10/16 05:08,0,2,is saale andhe PM ko koi samjhaye ki kitnon ki maut ho chuki hai demonetisaton se :(( sharm aani chhahiye usko @MehekF,,@MehekF,,8.08E+17,https://twitter.com/PostmodernShit/status/807527363609137152,
,12/10/16 04:30,1,2,#learn the Reality of #Demonetisaton Myths Exposed @brainbuxa https://www. brainbuxa.com/blog/breaking- myths-about-demonetization äó_,,@brainbuxa,#learn #Demonetisaton,8.08E+17,https://twitter.com/hashPune/status/807517719130230784,
,12/9/16 11:13,0,1,MLAS' of BJd couldn't think whether they support #Demonetisaton or protest against it,,,#Demonetisaton,8.07E+17,https://twitter.com/A_BiNash000/status/807256906163101696,
,12/9/16 05:41,0,7,That's a brilliant work. Keep it up. Hope they get penalized.. #demonetisaton wins,,,#demonetisaton,8.07E+17,https://twitter.com/pashab007/status/807173368986234882,
,12/9/16 05:40,0,0,What the effing F,,,,,,
,12/9/16 05:18,0,1,. @PMOIndia ATMs me Paisa nhi h ,,,,,,
,12/9/16 05:08,0,1,Hurry! You Have Just One Day Left To Use Your Old Rs 500 Note For Buying Tickets #RS500 #demonetisaton #oldcurrency http:// newsworldindia.in/business/hurry -you-have-just-one-day-left-to-use-your-old-rs-500-note-for-buying-tickets/238548/ äó_,,,#RS500 #demonetisaton #oldcurrency,8.07E+17,https://twitter.com/NewsWorldIN/status/807165056379015169,
,12/9/16 05:07,0,0,sirji,,,,,,
,12/9/16 05:04,0,0,Madam please recheck,,,,,,
,12/9/16 04:58,0,0,@Swamy39 ji,,,,,,
,12/9/16 02:10,0,1,Today's dose of comic relief in sad and hard times of #demonetisaton is being provided by Venkaiah Naidu. https:// twitter.com/ANI_news/statu s/807119078674440192 äó_,,,#demonetisaton,8.07E+17,https://twitter.com/varun12/status/807120308796723202,
,12/9/16 01:30,0,0,Stop shifting goal posts.Stop crying crocodile tears.Mst poor hv supportd demonetisaton ,,,,,,
,12/8/16 22:47,2,3,Modi planned #Demonetisaton for 1 year. Thank God he scrapped the planning commission. #OhWait (h/t @venkatananth ) http:// in.mobile.reuters.com/article/idINKB N13X2PY äó_,,@venkatananth,#Demonetisaton #OhWait,8.07E+17,https://twitter.com/pierrefitter/status/807069133565149186,
,12/8/16 11:14,0,0,.we have to bank on cashless transactions.Prblm wil b disappeared within short days .Beyond awesomeness #Demonetisaton,,,#Demonetisaton,8.07E+17,https://twitter.com/A_BiNash000/status/806894706391072769,
,12/8/16 11:02,0,0,What do opposition want to say on Demonetisaton ? They themselves are talking illiterate n don't want too debate on the issue. Frustrationed.,,,,8.07E+17,https://twitter.com/alex_gaga1961/status/806891834211319812,
,12/8/16 06:20,0,0,GST rate structure may be reviewed in face of demonetisation: CBEC @CBEC_India #Demonetisaton #GST http://www. uniindia.com/gst-rate-struc ture-may-be-reviewed-in-face-of-demonetisation-cbec/business-economy/news/711762.html äó_ pic.twitter.com/aR7KR3Uom4,,@CBEC_India,#Demonetisaton #GST,8.07E+17,https://twitter.com/uniindianews/status/806820789643116544,
,12/8/16 01:34,0,0,Did Lord Modi not say that Demonetisaton will eradicate Terrorism? Will,,,,,,
,12/7/16 23:02,0,0,Inexperience was d reason with @narendramodi govt to manage Demonetisaton of currency #ö__ö«óö_Ÿ_ö__ö_Ëö_Â_ö_Èö«_ö_Ÿö«†ö_‰_ö_´ö«ˆ_ö_åö_Ëö_Â @digvijaya_28 @ajaymaken,,@narendramodi @digvijaya_28 @ajaymaken,#ö__,8.07E+17,https://twitter.com/BaseraMahipal/status/806710416059547648,
,12/7/16 13:42,0,0,It's been 1 month and the only thing that I read in newspapers is Demonetisaton . Move on @timesofindia #DeMonetisation #news,,@timesofindia,#DeMonetisation #news,8.07E+17,https://twitter.com/samay_jain/status/806569511235284992,
,12/7/16 09:25,0,0,MP/MLA,,,,,,
,12/7/16 06:47,1,5,. @Paytm launches payment method for non-internet users. Isn't this revolutionary? https:// goo.gl/yC7Ec2 #middayTech #demonetisaton pic.twitter.com/hkSA0gBXpO,,@Paytm,#middayTech #demonetisaton,8.06E+17,https://twitter.com/mid_day/status/806465105604972544,
,12/6/16 23:22,0,0,68year Political corruption has kept poor people #Bankrupt #demonetisaton is not going 2 make any difference 2 them,,,#Bankrupt #demonetisaton,8.06E+17,https://twitter.com/PuriVirender/status/806353062709248000,
,12/6/16 12:29,0,0,Demonetisaton Implementing Black money . Politicians. Bureaucrats Common man,,,,8.06E+17,https://twitter.com/alex_gaga1961/status/806188720999104512,
,12/6/16 07:36,0,0,Demonetisaton good for people but way in which being implemented may become Waterloo for Govt,,,,8.06E+17,https://twitter.com/Pipalkoti/status/806115033901993984,
,12/6/16 07:17,0,0,Get in Line äóî A Villanelle on Demonetisaton by Uttaran Das Gupta http:// indianculturalforum.in/2016/11/22/get -in-line/ äó_ pic.twitter.com/ATNvEqmMsv,,,,8.06E+17,https://twitter.com/IWF_Writers/status/806110277477355520,
,12/6/16 06:14,2,1,#Demonetisaton could bring down interest rates and make dream homes #affordable . Read more: http:// bit.ly/2gd1LaP #realestate,,,#Demonetisaton #affordable #realestate,8.06E+17,https://twitter.com/chintelsgroup/status/806094357166104576,
,12/5/16 12:13,0,0,@Being_Humor @arvindkejriwal RT ATM ke bahaar khadi class 2 ke bacchi ki Demonetisaton se maut. https:// twitter.com/ANI_news/statu s/805821161934196736 äó_,,@Being_Humor @arvindkejriwal,,8.06E+17,https://twitter.com/YogR9/status/805822299450421252,
,12/5/16 04:13,0,0,Demonetisaton :Quandary to people,,,,,,
,12/5/16 01:32,0,0,@priyankac19 is he also #demonetisaton victim?? https:// twitter.com/Chopdasaab/sta tus/805651314369695744 äó_,,@priyankac19,#demonetisaton,8.06E+17,https://twitter.com/TweetHarshul/status/805661171260895232,
,12/4/16 05:33,0,0,Demonetisaton effect: Thousands of crores in old notes in possession of Maoists - http://www. watch-latest-news.com/demonetisaton- effect-thousands-of-crores-in-old-notes-in-possession-of-maoists/ äó_ pic.twitter.com/Zkoagv4XQj,,,,8.05E+17,https://twitter.com/watchlatestnews/status/805359346288828416,
,12/3/16 20:32,0,0,Visit any hospital to get a real peek into woes of #demonetisaton . I Pray no one falls sick during #Modi rule. Traumatising!,,,#demonetisaton #Modi,8.05E+17,https://twitter.com/ShoshitBoli/status/805223184626630656,
,12/3/16 08:22,0,1,The purpose of demonetisaton has shifted from eradicating black money to going digitaläó_no word on reducing taxes or interest rates.,,,,8.05E+17,https://twitter.com/AshimaMunjal/status/805039615925096449,
,12/3/16 07:46,0,0,Demonetisaton : Over Rs 11 lakh cr deposits enter banking system till Nov 30,,,,,,
,12/3/16 03:59,0,0,even thy didn't abt d demonetisaton ,,,,,,
,12/3/16 03:57,0,0,@ppbajpai felt rlly bad whn u covered d news in noida on d effects of demonetisaton bt sm ppl incl. Childs ws chanting Modi Modi modi...,,@ppbajpai,,8.05E+17,https://twitter.com/BjFddi/status/804972904349716480,
,12/3/16 03:55,0,0,Mata lost her mental balance after Demonetisaton,,,,8.05E+17,https://twitter.com/arunjamwal19/status/804972367097298944,
,12/2/16 23:52,0,0,All who oppose Demonetisaton are gone mad. They don't now how to react? Every reaction has failed. Shameless.,,,,8.05E+17,https://twitter.com/alex_gaga1961/status/804911250522009601,
,12/2/16 10:19,0,0,#DeMonetisaton @manojsinhabjp @narendramodi 3g 4g wnt exist broadband they cnt provide me wimax dead lst 8 hr twetng using 2g,,@manojsinhabjp @narendramodi,#DeMonetisaton,8.05E+17,https://twitter.com/kkamaljeetsingh/status/804706585591189506,
,12/2/16 10:16,0,0,#DeMonetisaton @manojsinhabjp @narendramodi live hardly 15 km away in village internet nt evn exist here how cn someone here live cashless,,@manojsinhabjp @narendramodi,#DeMonetisaton,8.05E+17,https://twitter.com/kkamaljeetsingh/status/804705909993709568,
,12/2/16 10:11,0,0,#DeMonetisaton AmitShah in full form pic.twitter.com/nB9LhHa35P,,,#DeMonetisaton,8.05E+17,https://twitter.com/sahilkhurana09/status/804704580034580480,
,12/2/16 10:06,34,42,Probe into Jan Dhan accounts after #DeMonetisaton : Nearly Rs. 1.64 crore in accounts of people who have never filed returns,,,#DeMonetisaton,8.05E+17,https://twitter.com/ndtv/status/804703342928637953,
,12/2/16 09:45,0,0,@narendramodi Relax,,,,,,
,12/2/16 09:21,12,17,Most of the black income generation is through the medium of transaction and that is cash: Ashok Lahiri,,,,,,
,12/2/16 06:38,0,0,Is this true? If so then where has black money gone? #Demonetisaton : Over Rs 11 lakhcr deposits enter banking system http://www. firstpost.com/politics/demon etisaton-over-rs-11-lakh-cr-deposits-enter-banking-system-till-nov-30-cnbc-tv18-says-3134788.html äó_,,,#Demonetisaton,8.05E+17,https://twitter.com/shishirar/status/804651047721562112,
,12/1/16 23:43,21,25,#Demonetisaton : Over Rs 11 lakh cr deposited until Nov 30. 30 days left. At this rate all 500/1000 notes back. #fail https://www. google.com/amp/m.firstpos t.com/amp/politics/demonetisaton-over-rs-11-lakh-cr-deposits-enter-banking-system-till-nov-30-cnbc-tv18-says-3134788.html?client=safari äó_,,,#Demonetisaton #fail,8.05E+17,https://twitter.com/SalmanSoz/status/804546491960479745,
,12/1/16 20:34,0,0,IT dept seizes Rs. 4 Cr in new notes. Demonetisaton poorly planned has hit a wall causing needless suffering of common man.,,,,8.04E+17,https://twitter.com/sundevraj/status/804498994068013056,
,12/1/16 07:46,0,0,"Advantages of demonetisaton "" suck on your own fattie cunt""",,,,8.04E+17,https://twitter.com/Feynmaned/status/804305676029702144,
,12/1/16 07:35,19,13,#Demonetisaton : Over Rs 11 lakh cr deposits enter banking system till Nov 30,,,,,,
,12/1/16 07:28,0,0,so if I am supporting demonetisaton ...I am gaddar??? how can u say so??,,,,8.04E+17,https://twitter.com/ParasharKinshuk/status/804301193459568641,
,12/1/16 02:21,1,0,I suport #DeMonetisaton but the way banks r behaving is harassing !!,,,#DeMonetisaton,8.04E+17,https://twitter.com/anujks1/status/804223945163571200,
,12/1/16 00:28,1,1,Auto sales numbers from Maruti and Eicher Motors suggest demonetisaton has less or no impact. Bookings in December will be key to watch,,,,8.04E+17,https://twitter.com/tweetfinpost/status/804195346796593152,
,11/30/16 10:55,0,0,#NationalAnthem #DeMonetisaton Read: http:// tl.gd/n_1spbkr8,,,#NationalAnthem #DeMonetisaton,8.04E+17,https://twitter.com/devarsighosh/status/803990787608506368,
,11/30/16 00:56,8,9,Historic! All 10,,,,,,
,11/30/16 00:54,1,0,Oppn in the grip of Ghulam Nabi who calls AFZAL GURU + JEE,,,,,,
,11/29/16 23:41,0,0,Didn't the new black money window negate the whole motive behind keeping #demonetisaton a secret?,,,#demonetisaton,8.04E+17,https://twitter.com/thevirtualjk/status/803821143224446976,
,11/29/16 22:51,0,0,As d teller handed me mney yest I said u hv gven me 4k xtra. Expressions on her face were priceless. We laughed after 5 secs #Demonetisaton,,,#Demonetisaton,8.04E+17,https://twitter.com/mahtolia/status/803808659956330496,
,11/29/16 22:50,0,0,People supporting demonetisaton in India brexit being supported by UK and trump being elected are just a few things that show our hollowness,,,,8.04E+17,https://twitter.com/Feynmaned/status/803808453550452736,
,11/29/16 12:03,0,0,what do the civic poll results in Guj,,,,,,
,11/29/16 08:45,0,0,Demonetisaton should hv been done by UPA its rule,,,,,,
,11/29/16 04:04,0,0,Demonetisaton krke gandi rajneeti krne walon.. 2019 me janta maaf ni kregi... Aam aadmi party zindabd... Jai ho arvind sir. Salute to u,,,,8.04E+17,https://twitter.com/sunilsh52245357/status/803525131880558592,
,11/28/16 13:57,0,0,@ArvindKejriwal people who oppose demonetisaton are not fit to live....in the changing India',,@ArvindKejriwal,,8.03E+17,https://twitter.com/swamees1968/status/803311820190543872,
,11/28/16 13:06,0,0,Nandan Nilekani on Demonetisaton pic.twitter.com/ippukJw0GS,,,,8.03E+17,https://twitter.com/DrKSVarma/status/803299065081434112,
,11/28/16 09:47,0,0,Thanks to Hon CM of Telangana Sri KCR for his excellent support to Demonetisaton pic.twitter.com/bnsTgu46QP,,,,8.03E+17,https://twitter.com/DrKSVarma/status/803248895224475648,
,11/28/16 09:44,102,80,Opposition parties tried to corner Modi ji on demonetisaton issue but now they are searching corners to hide their faces #IndiaRejectsBandh,,,#IndiaRejectsBandh,8.03E+17,https://twitter.com/MahiHerambha/status/803248146025283585,
,11/28/16 04:59,0,0,Note ban to boomerang on BJP in polls: Kapil Sibal http:// satprnews.com/?p=495367 LUCKNOW: The demonetisaton mov,,,,8.03E+17,https://twitter.com/satprnews/status/803176448785870848,
,11/28/16 04:55,0,0,Demonetisaton leads India Digitisation.,,,,8.03E+17,https://twitter.com/SumanSmech/status/803175546465042432,
,11/28/16 03:07,0,0,100 and above killed in demonetisaton,,,,8.03E+17,https://twitter.com/arum0522/status/803148282616647680,
,11/28/16 01:40,0,0,Agree or disagree,,,,,,
,11/28/16 01:36,3,3,RT AAP4Uttarakhand: #DemonetisationScam Demonetisaton has ruined business and lives. Black money hoarders & corruäó_ pic.twitter.com/SPPdLltgBD,,,#DemonetisationScam,8.03E+17,https://twitter.com/aapbhimtal/status/803125326855499780,
,11/28/16 01:34,1,0,RT AAP4Uttarakhand: #DemonetisationScam Demonetisaton has ruined business and lives. Black money hoarders & corruäó_ pic.twitter.com/EOxdAdvmyD,,,#DemonetisationScam,8.03E+17,https://twitter.com/RannSinghRana/status/803124863695290368,
,11/28/16 01:17,0,0,#DemonetisationScam Demonetisaton has ruined business and lives. Black money hoarders & corrupt are praising pic.twitter.com/EOxdAdvmyD,,,#DemonetisationScam,8.03E+17,https://twitter.com/RannSinghRana/status/803120501673652224,
,11/28/16 01:13,134,91,#DemonetisationScam Demonetisaton has ruined business and lives. Black money hoarders & corrupt are praising pic.twitter.com/cuHJE3G6lR,,,#DemonetisationScam,8.03E+17,https://twitter.com/AAP4Uttarakhand/status/803119496936374272,
,11/28/16 01:12,1,0,#DemonetisationScam Demonetisaton has ruined business and lives. Black money hoarders & corrupt are praising https://twitter.com/AAP4Uttarakhand/status/803118045057011712/photo/1 pic.twitter.com/7H0djI3jNc,,,#DemonetisationScam,8.03E+17,https://twitter.com/RannSinghRana/status/803119286004973569,
,11/28/16 01:10,0,0,#DemonetisationScam Demonetisaton has ruined business and lives. Black money hoarders & corrupt are praising https://twitter.com/AAP4Uttarakhand/status/803118045057011712/photo/1 pic.twitter.com/WqPLXLF93s,,,#DemonetisationScam,8.03E+17,https://twitter.com/AapDhanolti/status/803118810454601729,
,11/28/16 00:29,19,13,Demonetisaton has ruined business and even the lives. Black money hoarders and corrupt are praising demonetisation... #DemonetisationScam pic.twitter.com/dCQXxyVua6,,,#DemonetisationScam,8.03E+17,https://twitter.com/rameem81/status/803108654517891072,
,11/28/16 00:24,1,0,Demonetisaton has ruined business and even the lives. Black money hoarders and corrupt are praising demoetisation. #DemonetisationScam pic.twitter.com/uN05OaDzlL,,,#DemonetisationScam,8.03E+17,https://twitter.com/AYW_Pune/status/803107203016257536,
,11/27/16 23:42,15,38,United Opposition stands divided over Bharat Bandh. Watch #ITVideo for full story #DeMonetisaton #CashChaos pic.twitter.com/2Tv1pIX9TN,,,#ITVideo #DeMonetisaton #CashChaos,8.03E+17,https://twitter.com/IndiaToday/status/803096766182633472,
,11/27/16 13:48,0,0,no,,,,,,
,11/27/16 10:30,0,0,River Ganga sanctifying India. Demonetisaton will purify economy of India pic.twitter.com/27ZxKohOtV,,,,8.03E+17,https://twitter.com/DrKSVarma/status/802897300074872833,
,11/27/16 09:21,0,0,Opposition were not told in advance about Demonetisaton by Mr.Modi,,,,,,
,11/27/16 09:07,0,0,All opposition parties leaders hv run away from Twitter,,,,,,
,11/27/16 05:06,0,0,Akhrosh of d poor pple & farmer Public in general agnst #demonetisaton needs 2 b witnessed Sir,,,#demonetisaton,8.03E+17,https://twitter.com/arahimkhan56_r/status/802815779397697537,
,11/27/16 02:27,0,0,madam person who didn't opted for VDIS need to be punished. We expect #prestitutes @timesofindia will oppose #demonetisaton,,@timesofindia,#prestitutes #demonetisaton,8.03E+17,https://twitter.com/TweetHarshul/status/802775803192713216,
,11/27/16 02:20,0,0,Maan Ki Baat: People Using Poor to Convert Black ... - https://www. punjabupdate.com/2016/11/27/maa n-ki-baat-people-using-poor-to-convert-black-money-says-pm äó_ - #Demonetisaton #MaanKiBaat #NarendraModi #PmModi,,,#Demonetisaton #MaanKiBaat #NarendraModi #PmModi,8.03E+17,https://twitter.com/Punjabupdate/status/802774017715228672,
,11/27/16 02:00,0,0,Maan Ki Baat: We Must Stand With Our Soldiers,,,,,,
,11/26/16 20:51,0,0,even Modi Ji acts on my suggestion. I said scapegoat RBI UrjitPatel identified,,,,,,
,11/26/16 12:01,0,1,ö__ö«ˆö__ ö__ö_´ö«çö__ö_Ë ö_´ö__ ö_ìö«çö_µö__ö_Á ö__ö«_ ö__ö_¬ö_çö__ö__,,,,,,
,11/26/16 05:11,0,0,@NandanNilekani Many challenges to the success of Demonetisaton - culture,,,,,,
,11/26/16 03:01,1,2,#Demonetisaton affects the terrorists chances of #MumbaiAttacks celebration,,,#Demonetisaton #MumbaiAttacks,8.02E+17,https://twitter.com/nishugoyalhh/status/802422129862053889,
,11/26/16 01:05,0,0,#demonetisaton black money holders.... https:// twitter.com/TruthOfGujarat /status/802371475080617984 äó_,,,#demonetisaton,8.02E+17,https://twitter.com/KnightCrawler_7/status/802392700875980800,
,11/25/16 23:57,0,1,I added a video to a @YouTube playlist http:// youtu.be/f75YNXrCQ-E?a Demonetisaton breaks back of Real Estate Sector - TV9,,@YouTube,,8.02E+17,https://twitter.com/HemanthPatrudu/status/802375663869161472,
,11/25/16 22:36,0,1,Demonetisaton https:// twitter.com/SriSri/status/ 802201305196339200 äó_,,,,8.02E+17,https://twitter.com/ShivB123/status/802355440826785792,
,11/25/16 22:13,0,0,People say that note printing is costlier than what amount gov will recei be through demonetisaton ,,,,,,
,11/25/16 17:00,1,1,I request Director IB to compile a comprehensive report of how #DeMonetisaton has hampered terror funding: @rajnathsingh at DGP meet. #RE,,@rajnathsingh,#DeMonetisaton #RE,8.02E+17,https://twitter.com/IndiaTodayFLASH/status/802270640958902272,
,11/25/16 13:00,0,1,PM should come to LS & participate in demonetisaton debate : Rahul Gandhi http:// teesrijungenglish.com/2016/11/pm-sho uld-come-to-ls-participate-in-demonetisaton-debate-rahul-gandhi/ äó_,,,,8.02E+17,https://twitter.com/tajmahalfort/status/802210242750713858,
,11/25/16 12:35,0,0,@AamAadmiParty @raghav_chadha poor men is mostly affected and killed due to demonetisaton more then terrorists killed innocent,,@AamAadmiParty @raghav_chadha,,8.02E+17,https://twitter.com/edward_s155/status/802204078818336768,
,11/25/16 12:22,0,0,this proves he is a puppet. Nothing less. Nothing more. #Demonetizaton #demonetisaton,,,#Demonetizaton #demonetisaton,8.02E+17,https://twitter.com/tekeam123/status/802200790614077440,
,11/25/16 12:19,0,0,Dear critics on demonetisation please know that the source of the inconvenience is corruption and #BlackMoney and not #demonetisaton .,,,#BlackMoney #demonetisaton,8.02E+17,https://twitter.com/atheethattvam/status/802199942555111424,
,11/25/16 12:14,0,0,A #DigitalVillage that avoided #India 's cash crunch #Demonetisaton http://www. bbc.co.uk/news/business- 38032626 äó_ . #Akodara in Gujarat making #DigitalIndia happen.,,,#DigitalVillage #India #Demonetisaton #Akodara #DigitalIndia,8.02E+17,https://twitter.com/Dipal/status/802198857501310976,
,11/25/16 10:40,1,1,RUPEE LOWEST #DeMonetisaton @peace_moin @PMOIndia @AidcaOfficial @rafeeq66 @BDUTT @sardesairajdeep @Umar_diet http:// profit.ndtv.com/news/market/ar ticle-amid-dollar-shock-rupee-nears-record-low-crosses-68-80-1629494?site=full äó_,,@peace_moin @PMOIndia @AidcaOfficial @rafeeq66 @BDUTT @sardesairajdeep @Umar_diet,#DeMonetisaton,8.02E+17,https://twitter.com/dawahbyicode/status/802175229124481024,
,11/25/16 10:35,0,0,Live: Arun Jaitley speaks on demonetisaton,,,,8.02E+17,https://twitter.com/subrahmanyam000/status/802173815119839232,
,11/25/16 10:27,0,0,PURANE NOTE SE PETROL LE SAKTE..ROTI NAHI #DeMonetisaton @peace_moin @PMOIndia @AidcaOfficial @rafeeq66 @BDUTT @sardesairajdeep @Umar_diet pic.twitter.com/3eICDCjfKA,,@peace_moin @PMOIndia @AidcaOfficial @rafeeq66 @BDUTT @sardesairajdeep @Umar_diet,#DeMonetisaton,8.02E+17,https://twitter.com/dawahbyicode/status/802171940743954432,
,11/25/16 10:17,0,0,Manmohan Singh's idiotic remarks. No one will live for long so the #DeMonetisaton is incorrect. Is this the legacy country should live on?,,,#DeMonetisaton,8.02E+17,https://twitter.com/hemanthmb/status/802169404754563080,
,11/25/16 10:14,1,0,BJP MP GOT SLAPS KICKS #DeMonetisaton BLESSING @peace_moin @PMOIndia @AidcaOfficial @rafeeq66 @BDUTT @sardesairajdeep @AidcaMedia @Umar_diet https:// twitter.com/dawahbyicode/s tatus/802168205816958977 äó_,,@peace_moin @PMOIndia @AidcaOfficial @rafeeq66 @BDUTT @sardesairajdeep @AidcaMedia @Umar_diet,#DeMonetisaton,8.02E+17,https://twitter.com/dawahbyicode/status/802168711872286720,
,11/25/16 10:12,0,0,PM should come to LS & participate in demonetisaton debate:Rahul @OfficeOfRG #NarendraModi @BJP4India @INCIndia http:// uniindia.com/pm-should-come -to-ls-participate-in-demonetisaton-debate-rahul/india/news/698480.html äó_ pic.twitter.com/2JZrNvaQYm,,@OfficeOfRG @BJP4India @INCIndia,#NarendraModi,8.02E+17,https://twitter.com/uniindianews/status/802168081816559616,
,11/25/16 10:12,0,0,@OfficeOfRG You are incapable of debating with a 5th grader,,,,,,
,11/25/16 10:10,0,0,Benefits of #Demonetisaton : All #JanDhanAccount are active,,,,,,
,11/25/16 10:03,17,64,Coming up on @thenewshour Direct: Exclusive interview with Finance Minister Arun Jaitley #Demonetisaton #SameOldModiRaGa pic.twitter.com/nnevAgsImW,,@thenewshour,#Demonetisaton #SameOldModiRaGa,8.02E+17,https://twitter.com/TimesNow/status/802165768129392640,
,11/25/16 09:30,1,1,Modi shows 'Lack Of Preparedness' With #Demonetisaton changes http:// economictimes.indiatimes.com/news/economy/p olicy/demonetisation-decision-a-day-betrays-lack-of-preparedness/articleshow/55511283.cms?utm_source=twitter.com&utm_medium=referral&utm_campaign=ETTWMain äó_,,,#Demonetisaton,8.02E+17,https://twitter.com/fkhanshaikh/status/802157479077429252,
,11/25/16 09:11,0,3,Today u raised d Most pointed & pertinent questions on #DeMonetisaton ..ö_ìö_Ëö_Ÿ ö__ö_Áö__ ö_ƒö_Èö_Âö«ˆ ö_ìö_Âö__ö__ ö_´ö«ˆ ö_Ÿö_µö__ö__ ö__ö_æö__ö_¿ö«ˆ ö_µö«† ö_´ö__ö_åö_Ëö__-ö_è-ö__ö__ö_Áö«óö_‚ ö_«ö__,,,#DeMonetisaton,8.02E+17,https://twitter.com/BarryCN250/status/802152817683070976,
,11/25/16 09:11,0,0,@anjanaomkashyap HALLABOL ASK ONLY ONE QUSTION TO GOVT.DUE TO DEMONETISATON / FUNNY BANK RULES DIE 60 PERSON.R U READY FOR LIFE IMPRISONMENT?,,@anjanaomkashyap,,8.02E+17,https://twitter.com/motivetorSun/status/802152755041370112,
,11/25/16 09:07,0,11,Splendid & Best Episode of #HallaBol on 17 Days after #DeMonetisaton !! Today you just nailed it...Well-done @AnjanaOmKashyap !! pic.twitter.com/DEzdCBSWII,,@AnjanaOmKashyap,#HallaBol #DeMonetisaton,8.02E+17,https://twitter.com/BarryCN250/status/802151777965457408,
,11/25/16 08:59,29,70,Finance Minister Arun Jaitley speaks exclusively to @TimesNow on @thenewshour Direct,,,,,,
,11/25/16 08:23,0,1,& @raghav_chadha 's @AamAadmiParty fled from #BMCelection ? Who received non #Demonetisaton currency from Most Corrupt Family. Wah Delhi Baby https:// twitter.com/aapdelhincr/st atus/802136051724775424 äó_,,@raghav_chadha @AamAadmiParty,#BMCelection #Demonetisaton,8.02E+17,https://twitter.com/ieMilind/status/802140616398229508,
,11/25/16 08:14,0,0,Teacher: Define #Demonetisaton Student: An Economic Blunder to contain a financial plunder #Original ;-),,,#Demonetisaton #Original,8.02E+17,https://twitter.com/VishwajyotiG/status/802138405916188672,
,11/25/16 07:50,0,0,#Bengal khatam Abhi #Bihar .. #Demonetisaton,,,#Bengal #Bihar #Demonetisaton,8.02E+17,https://twitter.com/debanjalee_sen/status/802132271205494784,
,11/25/16 07:49,0,0,Will #BlackFriday sale accept old Indian #Rs500andRs1000 notes? #justasking #demonetisaton,,,#BlackFriday #Rs500andRs1000 #justasking #demonetisaton,8.02E+17,https://twitter.com/AbhishekGureja/status/802132065231605760,
,11/25/16 05:25,0,0,why you and your party feeling personally offended after #demonetisaton ? We all know 2g,,,,,,
,11/25/16 04:23,0,0,what is your stand on demonetisaton ....are with Biwi or Bahu,,,,8.02E+17,https://twitter.com/swamees1968/status/802080313350320129,
,11/25/16 01:52,0,0,Views of former PM,,,,,,
,11/25/16 01:05,0,0,If opposition is united,,,,,,
,11/25/16 00:25,0,2,Punjab's prominent businessmen,,,,,,
,11/24/16 21:20,0,0,The same Manmohan Singh who ... #MmsExposesModiLoot .. IS EXPOSED HERE .. #demonetisaton https:// twitter.com/modiclub/statu s/801965418680184832 äó_,,,#MmsExposesModiLoot #demonetisaton,8.02E+17,https://twitter.com/ModiClub/status/801973682981650432,
,11/24/16 19:28,0,0,Let them eat cake! @blahfamous #IndiaShining #Demonetisaton #privilege pic.twitter.com/Xremv14WMU,,@blahfamous,#IndiaShining #Demonetisaton #privilege,8.02E+17,https://twitter.com/parthosengupta/status/801945643983900672,
,11/24/16 17:01,0,0,Demonetisaton : India's banking penetration improves,,,,,,
,11/24/16 16:48,0,0,http:// m.hindustantimes.com/kolkata/uri-ma rtyr-s-father-to-reject-compensation-by-bengal-government/story-LlJkPPgSLD9F8tsegIc58O.html äó_ Tragedy of #MamataBanerjee SHAME poor politics #Uri #Martyrs Screenplay comparing #demonetisaton #GhulamNabiAzad,,,#MamataBanerjee #Uri #Martyrs #demonetisaton #GhulamNabiAzad,8.02E+17,https://twitter.com/abhijitc4/status/801905384139026432,
,11/24/16 15:46,0,1,Demonetisaton alone can't rid India of black money - more steps need to be taken says the Chairman of FIDC,,,,,,
,11/24/16 10:01,0,2,öÁÁö±ˆöÁÈäóëöÁôöÁË öÁÂö±ÅöÁ‰öÁ_öÁË öÁÈöÁ_öÁ_äóëöÁÂö±†öÁôö±çöÁ_ öÁ¬öÁ_öÁÁö±çöÁÈöÁËöÁçöÁË öÁ_öÁ‰öÁçäóëöÁ_ö±Å #NotesExchange #NotesBan #Demonetisaton http:// fb.me/3a6bTG8QM,,,#NotesExchange #NotesBan #Demonetisaton,8.02E+17,https://twitter.com/V6News/status/801802945339752448,
,11/24/16 09:58,0,1,What is happening with this Govt? They can't be changing rules everyday. This is happening according to whims and fancies #Demonetisaton,,,#Demonetisaton,8.02E+17,https://twitter.com/mitrajo/status/801802198405496832,
,11/24/16 09:50,3,2,Demonetisaton what changes after tomorrow pic.twitter.com/kaXirw9aaz,,,,8.02E+17,https://twitter.com/mayurshetty01/status/801800205725212672,
,11/24/16 09:42,0,0,Demonetisaton : India's banking penetration improves,,,,,,
,11/24/16 09:42,0,0,Demonetisaton : India's banking penetration improves,,,,,,
,11/24/16 09:10,0,0,öÁÈäóëöÁçöÁËöÁÈö±†öÁ¿öÁËöÁÂ öÁÁö±‰öÁÈöÁ_öÁ¿öÁË #RupeeValue #NotesBan #Demonetisaton http:// fb.me/19aYxfw9b,,,#RupeeValue #NotesBan #Demonetisaton,8.02E+17,https://twitter.com/V6News/status/801790003181486080,
,11/24/16 08:56,0,1,People have deposited money in banks but cannot withdraw it: Manmohan Singh on demonetisaton .,,,,8.02E+17,https://twitter.com/rajendrasTOI/status/801786647670968320,
,11/24/16 08:35,0,0,In my whole life first time saw Manmohan Singh speaking #demonetisaton Thanku Modiji this is #acchedin,,,#demonetisaton #acchedin,8.02E+17,https://twitter.com/im__ps/status/801781308506644480,
,11/24/16 08:16,0,0,On #IndiaBiz Demonetisaton : India's banking penetration improves,,,,,,
,11/24/16 07:45,0,0,#keyword research mistake is not spending enough time on commercial keywords #Demonetisaton #PanasonicPhonefest http:// goo.gl/Tc8WKL pic.twitter.com/fD8AIzO7UE,,,#keyword #Demonetisaton #PanasonicPhonefest,8.02E+17,https://twitter.com/utpattiecomp/status/801768652655706113,
,11/24/16 07:40,8,12,Demonetisaton : India's banking penetration has improved,,,,,,
,11/24/16 07:23,3,3,öÁÈö±ÊöÁ_ö±çöÁ_öÁË öÁ_ö±ˆöÁŸö±ˆöÁ‰öÁ_ö±ÅöÁ´ö±Å öÁÍöÁ´ö±çöÁ´äóëöÁôö±_öÁÂ öÁ_öÁÁö±Å #NotesBan #Demonetisaton http:// fb.me/8icGB4vZE,,,#NotesBan #Demonetisaton,8.02E+17,https://twitter.com/V6News/status/801763281325195264,
,11/24/16 06:33,0,1,#Demonetisaton ö__ö_´ö«çö_Ÿ ö_´ö«†ö_ìö__ö«ó .... ö_Ÿö_Áö«çö__ö«ó ö_¬ö«ˆö_‰ ö__ö«ó ...... ö_„ö_Áö«çö_¬ö«ó ö_´ö__ ö_ƒö__ö_Ÿö__ö_Ÿ .. ö__ö_µ ö_¬ö«†ö__ö«ó.. ö_ƒö_¬ö«óö_Áö«ó ö_¬ö«ˆö_‰ ö__ö«ó.. ö_„ö_Áö«óö_åö«ó ö_´ö__ ö_ƒö__ö_Ÿö__ö_Ÿ.,,,#Demonetisaton,8.02E+17,https://twitter.com/rabindrasharma2/status/801750462294695936,
,11/24/16 06:32,0,4,#Demonetisaton ö__ö__ö_ˆö_Â ö_´ö«ó ö_Êö__ö__,,,,,,
,11/24/16 06:31,0,0,What actions hv bn taken on #BlackMoney generated during #Cong regime ... is there anyone behind bars? #Demonetisaton #Demonetisationdebate,,,#BlackMoney #Cong #Demonetisaton #Demonetisationdebate,8.02E+17,https://twitter.com/SocialAmit/status/801750031489437696,
,11/24/16 06:24,0,0,country is being run on daily basis. #Demonetisaton #Demonetisationdebate,,,#Demonetisaton #Demonetisationdebate,8.02E+17,https://twitter.com/SocialAmit/status/801748276081000448,
,11/24/16 06:23,0,0,#demonetisaton effects.. our so called nationalist party's policies are bringing so much of chaos https:// twitter.com/IndiaToday/sta tus/801667228504461312 äó_,,,#demonetisaton,8.02E+17,https://twitter.com/NationIsLife/status/801748125933273089,
,11/24/16 06:23,0,2,öÁ_öÁÁö±çöÁìöÁËöÁ_ö±ç öÁÈöÁôö±ˆöÁ_ö±ç öÁ¬öÁËöÁŸö±çöÁŸöÁËöÁ‰öÁ„ö±ç! ? #RBIGovernor #UrjitPatel #NotesBan #Demonetisaton http:// fb.me/3mRQ6NssV,,,#RBIGovernor #UrjitPatel #NotesBan #Demonetisaton,8.02E+17,https://twitter.com/V6News/status/801748087014363136,
,11/24/16 06:10,0,2,A very good side effect of #Demonetisaton . People unable to fulfil #Dowry demands. http:// indianexpress.com/article/india/ india-news-india/demonetisation-breaks-marriage-in-delhi-4392037/ äó_,,,#Demonetisaton #Dowry,8.02E+17,https://twitter.com/roopabanerjee/status/801744749761798144,
,11/24/16 06:09,0,1,Boy o boy... What a marvelous idea ! Krantikaari Idea indeed Very Krantikaari ! Let's start this with Delhi @ArvindKejriwal #demonetisaton https:// twitter.com/ppbajpai/statu s/801703088713125888 äó_,,@ArvindKejriwal,#demonetisaton,8.02E+17,https://twitter.com/Mukt_Mann/status/801744501882621952,
,11/24/16 06:07,1,1,The survey results on #Demonetisaton are absolutely damning re @ArvindKejriwal . More that 80% think he is corrupt/aiding corrupt.,,@ArvindKejriwal,#Demonetisaton,8.02E+17,https://twitter.com/ahlade/status/801743964672032768,
,11/24/16 06:01,1,1,Hey @OfficeOfRG If at all you understand what #Demonetisaton is then do you agree with #ManmohanSingh ? @INCIndia @BJP4India @narendramodi pic.twitter.com/o5MPJLqj3Z,,@OfficeOfRG @INCIndia @BJP4India @narendramodi,#Demonetisaton #ManmohanSingh,8.02E+17,https://twitter.com/Mukt_Mann/status/801742503456215040,
,11/24/16 05:58,0,0,breaking news : Manmohan Singh speaks on #Demonetisaton wat techies feel : Singham 2.0 uses niche robotics & rich AI,,,#Demonetisaton,8.02E+17,https://twitter.com/trendwaala/status/801741807008653313,
,11/24/16 05:49,1,2,#Demonetisaton #IAmWithModi #MamtaKejriXposed #SoniaKaLalKejriwal #blackMoneycleanup #CorruptionCleanUp #BuntyAurBabli #pappu https:// twitter.com/News18India/st atus/801738398301945857 äó_,,,#Demonetisaton #IAmWithModi #MamtaKejriXposed #SoniaKaLalKejriwal #blackMoneycleanup #CorruptionCleanUp #BuntyAurBabli #pappu,8.02E+17,https://twitter.com/mwh_Pramod/status/801739520945295360,
,11/24/16 05:48,0,1,When life gives you Arvind,,,,,,
,11/24/16 05:44,1,3,#IAmWithModi #Bypolls #IndiaKaDil #MamtaKejriXposed #SoniaKaLalKejriwal #DeMonetisation #AapiAurPaapi #CongressMuktBharat #Demonetisaton . https:// twitter.com/MVenkaiahNaidu /status/801698271039131648 äó_,,,#IAmWithModi #Bypolls #IndiaKaDil #MamtaKejriXposed #SoniaKaLalKejriwal #DeMonetisation #AapiAurPaapi #CongressMuktBharat #Demonetisaton,8.02E+17,https://twitter.com/mwh_Pramod/status/801738345227423744,
,11/24/16 05:40,2,4,öÁçöÁËöÁŸö±ÊöÁ‰öÁåöÁÁö±ç öÁÍöÁ´öÁôöÁË öÁµöÁÁöÁ´ö±Å öÁôö±†öÁ_ö±ç öÁôö±çöÁ¿öÁ_öÁ´ö±çöÁŸö±ç öÁÁöÁ_ö±çöÁ_ö±Å #TollTax #NotesBan #Demonetisaton http:// fb.me/KM5vmGnK,,,#TollTax #NotesBan #Demonetisaton,8.02E+17,https://twitter.com/V6News/status/801737321846571010,
,11/24/16 05:34,9,4,I will never buy from the shop which is closed on 28th Nov. #ISupportBharat #Demonetisaton #BharatAgainstCorruption,,,#ISupportBharat #Demonetisaton #BharatAgainstCorruption,8.02E+17,https://twitter.com/shubhpnd/status/801735767752081408,
,11/24/16 05:31,0,0,#BeAnInstaChef #PanasonicPhonefest #DeMonetisationSurvey #Demonetisaton manmohan singh https:// twitter.com/kapsology/stat us/801684122254987265 äó_,,,#BeAnInstaChef #PanasonicPhonefest #DeMonetisationSurvey #Demonetisaton,8.02E+17,https://twitter.com/NationIsLife/status/801734963456540672,
,11/24/16 05:05,0,0,öÁÈö±†öÁŸö±çöÁôöÁ_öÁ‚ö±óöÁŸö±ÅöÁ_öÁÈö±_ CBI öÁ_öÁ_öÁçö±ÅöÁ_ö±Å #CBI #PostOffice #NotesBan #Demonetisaton http:// fb.me/5t17oLE88,,,#CBI #PostOffice #NotesBan #Demonetisaton,8.02E+17,https://twitter.com/V6News/status/801728420455575552,
,11/24/16 05:01,1,1,The Opposition in #RajyaSabha & #LokSabha .. can STAND ON THEIR HEAD ... but #Demonetisaton STAYS .... V d PPl of India stand wid ..PM MODI,,,#RajyaSabha #LokSabha #Demonetisaton,8.02E+17,https://twitter.com/ModiClub/status/801727500128632833,
,11/24/16 04:58,0,0,WE D. PPL. OF. #INDIA .. STAND. FIRMLY. WID. PM.MODI on #Demonetisaton ....,,,#INDIA #Demonetisaton,8.02E+17,https://twitter.com/ModiClub/status/801726593374687232,
,11/24/16 04:55,0,0,Demonetisaton öÇ¬öµ‰öÇ_öÇ‰ öÇìöÇÂöÇ»öµçöÇ»öµ_öÇ´öµçöÇ´öµÅöÇ£öµçöÇôöÇ_öÇ¿ öÇåöµÅöÇ_öµçöÇ_öÇËöÇ¬öµÅöÇôöµçöÇôöµÅöÇ´öÇ_öÇËöµ_ öÇÈöµçöÇÁöÇ_öÇËöÇ‡öµˆöÇ_öÇËöÇ_öµçöÇ_öµç öÇ_öÇËöÇ»öµçöÇ´öÇ_öÇ_öÇÇöµçöÇ_öµçöÇ_ öÇ´öµˆöÇÁöÇ_öÇ_öµçöÇ_öÇËöµ_ LDF öÇ_öµ_öÇ_öµçöÇ_öÇ_öµ_. öÇƒöÇÈöµçöÇÈöµ_... http:// fb.me/2YZPqpLyB,,,,8.02E+17,https://twitter.com/SarathRnath/status/801725972785590272,
,11/24/16 04:54,0,0,#Demonetisaton ö¬ƒö¬£ö¿_ö¬_ö¿çö¬_ö¿Å ö¬_ö¿Êö¬¿ö¿çö¬_ö¬Ë ö¬_ö¿_ö¬_ö¿_ö¬´ö¿çö¬´ö¬_ö¬ôö¿çö¬_ö¬Ë ö¬Âö¬Ëö¬±ö¿Åö¬µö¬©ö¬¬ö¿Åö¬¬ö¿ç ö¬Íö¬Áö¿Åö¬ƒö¬Áö¬_ö¬Ëö¬¿ö¬_ö¿ç ö¬_ö¬_ö¿_ö¬¿ö¬_ö¬_ö¿ç ö¬_ö¬_ö¬©ö¿ç ö¬Âö¬Ëö¬Áö¿çö¬µö¬´ö¬Ëö¬´ö¿çö¬´ ö¬Èö¬ôö¿Åö¬´ö¬Ëö¬±ö¬_ö¿Å.. ö¬Êö¬_ö¿çö¬_ö¬Áö¬Ëö¬¿ö¬¬ö¿ç ö¬ˆö¬_ö¿çö¬_ö¿_ ö¬¬ö¿†ö¬ôö¬Ëö¬¿ö¿_ ö¬µö¬Ëö¬¬ö¬Áö¿çö¬_ö¬Ëö¬Èö¿çö¬Èö¬_ö¬Ëö¬_ö¿ç,,,#Demonetisaton,8.02E+17,https://twitter.com/Saivenkatesh001/status/801725775921614848,
,11/24/16 04:54,1,0,Black Money Holding Scamsters of d Opposition HOLDING D NATION 2 ransom on #Demonetisaton .... In #RajyaSabha,,,#Demonetisaton #RajyaSabha,8.02E+17,https://twitter.com/ModiClub/status/801725765096075264,
,11/24/16 04:50,0,0,Black money holders were expecting drawback order for demonetisaton but govt has completed all things successfully so they in deep tension.,,,,8.02E+17,https://twitter.com/BrijeshkrPathak/status/801724568016736256,
,11/24/16 04:36,1,0,Congress organized protest at belagavi karntaka,,,,,,
,11/24/16 04:35,0,0,#Demonetisaton ö__ö«ˆö__ ö_¬ö«ˆö_‰ ö_Ÿö_åö_Ÿö«ˆ ö_ìö«çö_¿ö__ö__ö__ ö_´ö__ö__ö__ ö__ö_Â ö__ö«ˆö__ ö_´ö«ˆ ö_Áö__ö_ì ö_Âö«ˆö__ö__ö_ñö_‰ ö_´ö«ˆ ö_Èö__ö_Ÿ ö__ö«_,,,#Demonetisaton,8.02E+17,https://twitter.com/chetangiri143/status/801720986408128513,
,11/24/16 04:35,1,0,Only 2% people hold #BlackMoney ,,,,,,
,11/24/16 04:34,3,3,#Demonetisaton pic.twitter.com/kkHrR59X2p,,,#Demonetisaton,8.02E+17,https://twitter.com/saandiippnayak/status/801720631544999936,
,11/24/16 04:32,0,0,In d long run we r all dead Finally India's most famous economist #MMS accepts in #RajyaSabha d state of #Congress guys post #Demonetisaton,,,#MMS #RajyaSabha #Congress #Demonetisaton,8.02E+17,https://twitter.com/KyasapuraS/status/801720244733677568,
,11/24/16 04:27,1,4,#Demonetisaton good comment from supreme court pic.twitter.com/lO1srfqBe9,,,#Demonetisaton,8.02E+17,https://twitter.com/saandiippnayak/status/801718770960044032,
,11/24/16 04:24,0,1,#Demonetisaton ö_µö_Ëö_Èö_´ö«çö_‡ö«ó ö_ƒö_„ö_Á ö_¬ö«†ö__ö«óö_ìö«ó ö_´ö__ ö_„ö«Åö_£ö_„ö__ö_Â ö_´ö_Áö_Âö«ˆ ö__ö_„ ö_ìö__ö_¿ö«ˆ ö__ö«† ö_ˆö_Âö_´ö__ ö_‚ö_Ëö_Á ö_Ÿö«ˆ ö_Ÿö__ö«çö__ö__ ö_¬ö«ˆ ö_Êö_Âö__ ö_Âö__ö_¬ö«Åö_¬ö_´ö_Ëö_Â ö__ö«† ö_ìö__ö_¿ö«ˆ,,,#Demonetisaton,8.02E+17,https://twitter.com/chetangiri143/status/801718083115098112,
,11/24/16 04:21,0,0,#Demonetisaton dea media please check how black money gov can get,,,#Demonetisaton,8.02E+17,https://twitter.com/sajal_aryan/status/801717454577737728,
,11/24/16 04:20,0,0,Its a wonder how any one with half a brain cannot see the egregious blunders committed by this Govt. #Demonetisaton,,,#Demonetisaton,8.02E+17,https://twitter.com/drolltide/status/801717149517500417,
,11/24/16 04:15,1,0,#Demonetisaton Now we can see blackmoney mafia active at all banks making easy entry for their ppl.,,,#Demonetisaton,8.02E+17,https://twitter.com/vps1008/status/801715789300645888,
,11/24/16 04:09,2,2,#Demonetisaton #loot #blindbhakts #bhaktlogic pic.twitter.com/34zqJ50q3a,,,#Demonetisaton #loot #blindbhakts #bhaktlogic,8.02E+17,https://twitter.com/myself_sas/status/801714413791121408,
,11/24/16 04:08,3,2,#Demonetisaton Questions bhi aapke,,,,,,
,11/24/16 04:04,2,2,PM @narendramodi ö_Âö«ˆ ö__ö«ˆö__ ö_´ö«ˆ ö__ö_Ëö_è ö_‚ö«_ö_Ÿö__ö__ ö__ö_Ëö_¿ö__ ö__ö«† ö_Ÿö_åö_´ö«ó ö_ìö__ö«Åö_åö__ö_Â ö_Âö_Ëö_´ö__ ö_Êö_¿ö«ó #Demonetisaton pic.twitter.com/wWWUfqEyrO,,@narendramodi,#Demonetisaton,8.02E+17,https://twitter.com/sanayaagarwal42/status/801713053842558976,
,11/24/16 04:03,3,2,Mayawati asking for re election ,,,,,,
,11/24/16 04:03,3,2,#Demonetisaton ö_Èö_Á ö__ö_Áö«çö__ö__ ö_´ö«ˆ ö__ö_Ëö_è PM ö_´ö«† ö_åö«Åö__ö__ö_Âö«ˆ ö_´ö«ó ö_ìö_Ëö__ ö_Èö_Á ö_ƒö_çö__ö__ ö_µö_Ëö_Èö_´ö«çö_‡ ö__ö_Âö_´ö«ˆ ö_Êö_Âö«ˆ ö_Èö_Á ö_‚ö__ö__ö__ö«‰ ö_´ö«ó ö__ö_Áö«çö__ö«ˆ ö__ö_„ö__ö_´ö_Á ö_‚ö_Ëö_Á ö_åö__ö_Ÿ ö_Ÿö«ˆ ö__ö__ö_„ ö_„ö_¿ö__ SHAME @BJP4India,,@BJP4India,#Demonetisaton,8.02E+17,https://twitter.com/to_hariom/status/801712800087343109,
,11/24/16 04:03,1,1,"Manmohan Singh"" ö_ìö«ó ö_Êö_ì ö_åö«†ö__ ö_Áö__ö«ˆ ö__ö«_ ö_ƒö_„ö_Á ö_Èö__ö__ö«ˆ ö_Ÿö«ˆ ö_åö«†ö__ö__ ö__ö«Åö_Ê ö__ö«†ö__ö__ ö__ö«† ö__ö«ˆö__ ö_´ö__ö__ö«ˆ ö__ö_Â ö_´ö«ó ö_¬ö__ö_Á ö_Âö__ö«ó ö_ùö«ˆö__ ö_Áö__ö__ ö__ö«†ö__ö__ #Demonetisaton""",,,#Demonetisaton,8.02E+17,https://twitter.com/sanayaagarwal42/status/801712743887736832,
,11/24/16 04:02,2,2,#Demonetisaton pic.twitter.com/a8uOD6AaTQ,,,#Demonetisaton,8.02E+17,https://twitter.com/Arunc1995/status/801712604943151104,
,11/24/16 03:57,1,1,ö__ö«ˆö__ ö__ö_Ëö__ ö_´ö«ˆ ö__ö_Ëö_è ö_Êö_„ö«ˆ ö_åö_¢ö«ˆ ö_îö_Á PM @narendramodi ö_´ö«ˆ ö_Âö«†ö_ô ö_åö«_ö_Â ö_‚ö«_ö_Ÿö__ö«ˆ ö_´ö__ ö_Ÿö_¬ö_Áö«çö_«ö_Â ö_´ö_Á ö__ö«ˆö__ ö_´ö«† ö_Èö«çö_Áö_„ö__ö_Ë ö_´ö«ó ö_îö_Á ö__ö«ˆ ö_ìö__ö_èö_‰ #Demonetisaton,,@narendramodi,#Demonetisaton,8.02E+17,https://twitter.com/sanayaagarwal42/status/801711344206516228,
,11/24/16 03:56,1,3,Organised sectr will be least affected,,,,,,
,11/24/16 03:54,1,3,Temprary unemploymnt & less demnd - low incmes - low investmnt - wage price spirl - idle resource - difficult to employ those #Demonetisaton,,,#Demonetisaton,8.02E+17,https://twitter.com/aakashvasu/status/801710618478661632,
,11/24/16 03:43,6,4,The prominent businessmen,,,,,,
,11/24/16 03:43,2,0,#Demonetisaton ö_Ÿö«çö_«ö_Ëö__ö_Ë ö__ö__ ö__ö_´ ö_Ÿö_¬ö__ö_Â ö__ö«† ö__ö«Åö_´ö«ó ö__ö«_ö«_ö_ƒö_å ö__ö«ó ö_ìö_Ëö_Â ö_Âö«ˆö__ö__ö_î ö_´ö«† ö_¿ö«ˆ ö__ö_„ö__ö__ ö__ö«_ ö_´ö_Ë ö_ìö_Âö__ö__ ö_´ö_‡ö«çö_ô ö_¬ö«ˆ ö__ö«_ ö__ö«† ö__ö_Âö_Èö_Á ö_Ÿö_Âö«çö__ö«ˆö__ ö__ö__ö«çö_Èö_Â ö__ö«†ö__ö__ ö__ö«_ ö_´ö__ö«ó ö_µö«ˆ ö_´ö__ö__ö«ˆ ö__ ö_Âö__ö«ó,,,#Demonetisaton,8.02E+17,https://twitter.com/PURUSHOTTAMKUR2/status/801707695338323968,
,11/24/16 03:36,3,1,#Demonetisaton Masterstroke by PM No - stone pelting No- protest for searching Najeeb No- Kidnapping case & so on ..,,,#Demonetisaton,8.02E+17,https://twitter.com/knw1no_me/status/801705998591332352,
,11/24/16 03:33,0,2,Congress after finding that there is nothing left for them in #Demonetisaton drama now they are back with JNU missing student Najeeb,,,#Demonetisaton,8.02E+17,https://twitter.com/SUSHANTBERI/status/801705180676767744,
,11/24/16 03:32,1,0,Dear media,,,,,,
,11/24/16 03:30,27,25,The prominent businessmen,,,,,,
,11/24/16 03:29,0,0,#Demonetisaton #OMG #Manmohansingh is not dum,,,#Demonetisaton #OMG #Manmohansingh,8.02E+17,https://twitter.com/ikarthik_sesh/status/801704372568608768,
,11/24/16 03:29,0,0,#Demonetisaton ö__ö_µö_Ëö_‡ö«çö_¿ö_µö__ö_£ö«ó : ö_ƒö_„ö__ö«ó ö_¬ö_Â ö_´ö«ó ö_åö__ö__ ö__ö__ö_µö«Åö_´ ö__ö«†ö_´ö_Á ö_îö_Á ö_Áö«† ö_Áö«† ö_´ö_Á ö__ö«†ö_„ö«ó !! ö__ö«Åö_Áö«çö__ ö__ö«†ö_„ ö_Ÿö__ö_« ö__ö«ó ö__ö«ˆö_‰ö_„ö«ˆ !!,,,#Demonetisaton,8.02E+17,https://twitter.com/Akshayjethi1/status/801704330755571712,
,11/24/16 03:27,0,0,make changes in constitution #Demonetisaton #PanasonicPhonefest #FreechargeKiyaMatlabCashDiya #DeshKiTile #RaTantrum #Rupee,,,#Demonetisaton #PanasonicPhonefest #FreechargeKiyaMatlabCashDiya #DeshKiTile #RaTantrum #Rupee,8.02E+17,https://twitter.com/bhaskarajay22/status/801703856707108864,
,11/24/16 03:27,4,2,( #Demonetisaton mismanagement) reflects poorly on the PMO,,,,,,
,11/24/16 03:24,4,1,Manmohan Singh spoke about failure of #demonetisaton but kept Maun Vrat during 2G,,,,,,
,11/24/16 03:18,0,3,Can see a reason why people who created this parallel economy are debating on rolling back modi's decision. #Demonetisaton,,,#Demonetisaton,8.02E+17,https://twitter.com/Luthra_Kamal/status/801701459301568513,
,11/24/16 03:17,0,0,#Demonetisaton many after effects ,,,,,,
,11/24/16 03:15,0,0,ö_ìö_Ëö_Âö__ö«†ö_„ö«†ö_‰ ö_Âö«ˆ ö_¬ö«†ö__ö«ó ö_èö_È ö_Èö_Á ö_µö«†ö_ôö_Âö__ö«óö_‰ ö_çö__ö__ö__,,,,,,
,11/24/16 03:08,0,1,*Instead of #CloseTheCasinos ,,,,,,
,11/24/16 03:07,0,0,Breaking News : Former PM Manmohan Singh broke his Silence & spoke on #Demonetisaton in parliament today. He is trending on No.1 . pic.twitter.com/BZnP2zkeZA,,,#Demonetisaton,8.02E+17,https://twitter.com/Dineshsuthar88/status/801698820031586305,
,11/24/16 03:07,0,0,#Demonetisaton par bolte hue manmohan singh ne @ArvindKejriwal ki wakalt ki,,@ArvindKejriwal,#Demonetisaton,8.02E+17,https://twitter.com/ashish_khare/status/801698691421605888,
,11/24/16 03:03,0,1,ö__ö«ˆö__ö_Ëö_è ö_Áö__ö__ö«Åö__ ö_ìö«ó ö_´ö«† ö_´ö_Ëö__ö_Âö__ ö_Ÿö_‚ö_Á ö_´ö_Áö_Âö__ ö_Èö_ç ö_Áö__ö__ ö__ö«_ https://www. youtube.com/watch?v=_TImEd 7tBKU äó_ #demonetisaton,,,#demonetisaton,8.02E+17,https://twitter.com/saurabhkt7/status/801697614471131136,
,11/24/16 02:59,0,0,ö_Âö«†ö_ôö_åö_‰ö__ö«ó ö__ö«‰ö_ô ö_´ö«ó ö__ö_Áö__,,,,,,
,11/24/16 02:57,0,0,MMS has a mouth and can speak.. #Demonetisaton,,,#Demonetisaton,8.02E+17,https://twitter.com/mmithunn/status/801696248289849346,
,11/24/16 02:56,17,14,Demonetisaton #IAmWithModi @narendramodi pic.twitter.com/GSF7Jd0Itr,,@narendramodi,#IAmWithModi,8.02E+17,https://twitter.com/sbhandari16/status/801696012007915520,
,11/24/16 02:54,8,5,#WinterSession #quoteoftheday :Organised loot,,,,,,
,11/24/16 02:54,0,1,Prime minister ne kuch nhi kiya sirf Ek faisle se pure netao ki jamat ko bhare bazaar kapde utar diye & nagnga nach Natasha. #Demonetisaton,,,#Demonetisaton,8.02E+17,https://twitter.com/Ravi48198280/status/801695429565919232,
,11/24/16 02:54,0,0,ö_¬ö_Âö_¬ö«†ö__ö_Â ö_ìö«ó ö_åö_çö«ˆ ö_ƒö_Áö«çö_«ö__ö__ö__ö«çö__ö«çö_Áö«ó ö__ö«_ ö__ö_Âö_´ö«ó ö_åö__ö__ö«† ö_¬ö«ˆ ö__ö_¬ ö__ö«_ #demonetisaton,,,#demonetisaton,8.02E+17,https://twitter.com/saurabhkt7/status/801695400952414208,
,11/24/16 02:52,2,3,"ö__ö__ö«† Manmohan Singh"" ö_ìö«ó ö_´ö«† ö_Áö__ö_ìö«çö_¿ö_Ÿö__ö__ ö_¬ö«ˆ ö_åö«†ö__ö__ö«ˆ ö__ö«ˆö__ ö_Êö_ì ö_Èö__ö__ ö__ö__ ö_„ö_¿ö__ ö_´ö«ó Manmohan Singh ö_ìö«ó ö__ö«ó ö_åö«†ö__ ö_Ÿö_´ö__ö«ˆ ö__ö«_ö_‰ #Demonetisaton pic.twitter.com/tNILyXHfYC""",,,#Demonetisaton,8.02E+17,https://twitter.com/sanayaagarwal42/status/801694974211305472,
,11/24/16 02:52,0,0,I support #Demonetisaton,,,#Demonetisaton,8.02E+17,https://twitter.com/AMITDAS10357546/status/801694951339913216,
,11/24/16 02:50,0,0,bhai @narendramodi Rupee on Ventilator & BJP out declaring #Demonetisaton a Sucess ! Make sure its doesnt cross ur age or FM age https:// twitter.com/HuffPostIndia/ status/801693784346075136 äó_,,@narendramodi,#Demonetisaton,8.02E+17,https://twitter.com/rzk_ali/status/801694342381502464,
,11/24/16 02:49,0,0,@narendramodi & #demonetisaton did wat none could do... Made MMS speak!! Shame Barmaid run @INCIndia ruining reputation for Greed!! https:// twitter.com/SirJadeja/stat us/801681890210152448 äó_,,@narendramodi @INCIndia,#demonetisaton,8.02E+17,https://twitter.com/GiriS1156/status/801694191331835904,
,11/24/16 02:49,2,0,"Do you support Opposition Call For Bharat Bandh"" ? Monmohan Singh #Demonetisaton""",,,#Demonetisaton,8.02E+17,https://twitter.com/OfficeOfAmit/status/801694187343282176,
,11/24/16 02:47,0,0,Politicians have deposited money with baba's which now cannot be withdrawn as exchange of unaccounted money is not possible #Demonetisaton,,,#Demonetisaton,8.02E+17,https://twitter.com/indepndntIndian/status/801693589004656640,
,11/24/16 02:45,0,1,#demonetisaton Q- Why d stone spellers suddenly back off's in #kashmir only after #currencyban ? Is common ppls was d supplier of money 2dem,,,#demonetisaton #kashmir #currencyban,8.02E+17,https://twitter.com/abhijitc4/status/801693330786504704,
,11/24/16 02:45,1,0,HA #fun of #demonetisaton rt @pervinsanghvi ps when #food dont be scared bolo bolo ask @siminpatel ;) https:// twitter.com/Tamil_Typist/s tatus/801426813968785408 äó_,,@pervinsanghvi @siminpatel,#fun #demonetisaton #food,8.02E+17,https://twitter.com/ormiga/status/801693217561321472,
,11/24/16 02:43,0,0,Tday is the day where Former PM Manmohan Singh words will be highly valued &Missed in Office of PM as the country is in chaos #Demonetisaton,,,#Demonetisaton,8.02E+17,https://twitter.com/rzk_ali/status/801692824789983232,
,11/24/16 02:43,0,0,RT BhattIYC: ö_Êö_Èö_Âö«ˆ ö_ƒö_Èö_Âö«ˆ ö_µö_Ëö__ö«çö__ ö_¬ö_‰ö__ö«çö_Áö«ó ö__ö_´ ö_´ö«† ö__ö_Áö«†ö_‡ö«ˆ ö_¬ö«ˆö_‰ ö_Âö__ö«ó ö__ö_Ëö_¿ö__ ö_îö_Á #demonetisat on ö_´ö__ ö_‚ö«_ö_Ÿö__ö__ ö_ƒö_´äó_ https:// twitter.com/i/web/status/8 01689593372258304 äó_ pic.twitter.com/niubZgvUMY,,,#demonetisat,8.02E+17,https://twitter.com/AbdulKadirNSUI/status/801692692690436096,
,11/24/16 02:42,11,3,#WATCH :People have deposited money in banks but cannot withdraw it: #manmohansingh on #demonetisaton pic.twitter.com/mi6bGdJX1W,,,#WATCH #manmohansingh #demonetisaton,8.02E+17,https://twitter.com/NewspointTv/status/801692374619537410,
,11/24/16 02:40,0,4,ö¬Èö¬Çö¿_ö¬¿ ö¬Áö¿‰ö¬Èö¬_ö¬¿ö¿ç ö¬Âö¿†ö¬ôö¿çö¬ôö¿Åö¬´ö¬_ö¿_ ö¬¬ö¬_ö¬±ö¿çö¬±ö¿Åö¬µö¬_ö¬±ö¿çö¬´ö¬_ö¬© ö¬_ö¬_ö¿Åö¬´ö¿_ö¬¿ö¿_ ö¬Âö¿óö¬ôö¿çö¬ôö¬Ëö¬´ö¿çö¬´ ö¬µö¿ˆö¬£ö¿çö¬ôö¿Åö¬¬ö¿ç: ö¬¬ö¿Å.ö¬´.ö¬Ÿö¿çö¬ôö¬_ö¬_ö¬Ëö¬©ö¿ç @mkstalin #demonetisaton,,@mkstalin,#demonetisaton,8.02E+17,https://twitter.com/PTTVOnlineNews/status/801692058125635584,
,11/24/16 02:40,2,3,To all those quoting Manmohan Singh,,,,,,
,11/24/16 02:40,0,0,Long run we all are dead @narendramodi ji #Demonetisaton pic.twitter.com/2g1uisxe3t,,@narendramodi,#Demonetisaton,8.02E+17,https://twitter.com/rzk_ali/status/801691887077822464,
,11/24/16 02:35,4,3,Cash ban is organised loot and legalised blunder: Manmohan Singh on #Demonetisaton #MMSexposesModiLoot,,,#Demonetisaton #MMSexposesModiLoot,8.02E+17,https://twitter.com/maqbool_sm/status/801690587095302144,
,11/24/16 02:33,0,1,#RajyaSabha adjourned till 2:01 PM,,,,,,
,11/24/16 02:32,0,0,famous A VOW OF SILENCE open his SILENCER,,,,,,
,11/24/16 02:32,0,0,#demonetisaton Q- Arhar dal price why slashed down's just post banning #Rs500andRs1000 ? Is common ppls store owners pic.twitter.com/rr1hQCG3OM,,,#demonetisaton #Rs500andRs1000,8.02E+17,https://twitter.com/abhijitc4/status/801689870338965506,
,11/24/16 02:31,4,2,ö_Êö_Èö_Âö«ˆ ö_ƒö_Èö_Âö«ˆ ö_µö_Ëö__ö«çö__ ö_¬ö_‰ö__ö«çö_Áö«ó ö__ö_´ ö_´ö«† ö__ö_Áö«†ö_‡ö«ˆ ö_¬ö«ˆö_‰ ö_Âö__ö«ó ö__ö_Ëö_¿ö__ ö_îö_Á #demonetisaton ö_´ö__ ö_‚ö«_ö_Ÿö__ö__ ö_ƒö_´ö«ˆö__ö«ˆ ö__ö«ˆ ö__ö_Ëö_¿ö__.. ö_Âö_Áö«ˆö__ ö_ƒö_„ö«çö_Áö_µö__ö__ @yadavakhilesh pic.twitter.com/rttlIimdjH,,@yadavakhilesh,#demonetisaton,8.02E+17,https://twitter.com/BhattIYC/status/801689593372258304,
,11/24/16 02:27,0,0,#Demonetisaton yes people hv deposited in the banks but order is not for closing the banks but black money. They can withdraw after 31/12.,,,#Demonetisaton,8.02E+17,https://twitter.com/basantpant3/status/801688630980792321,
,11/24/16 02:25,0,0,#Demonetisaton pic.twitter.com/KbCyaRYfNv,,,#Demonetisaton,8.02E+17,https://twitter.com/_hrjadeja/status/801688295910608896,
,11/24/16 02:25,0,0,#Demonetisaton pic.twitter.com/jr3MPL8ZNW,,,#Demonetisaton,8.02E+17,https://twitter.com/_hrjadeja/status/801688295902212096,
,11/24/16 02:25,0,0,#Demonetisaton ö_Öö_Á ö_¬ö«ˆö_‰ ö_¬ö«Åö__ö_Ëö_¿ö__ ö_´ö«ó ö_åö__ö__ ö_Âö__ö«ó ö_Ÿö«Åö_Âö_Âö«ó,,,,,,
,11/24/16 02:23,0,0,#Demonetisaton Let us consider this as 4th world war & every citizen is soldier & black money & corruption are hydrogen bombs. We hv to win,,,#Demonetisaton,8.02E+17,https://twitter.com/basantpant3/status/801687774587863040,
,11/24/16 02:21,10,10,Man Mohan Singh is referring to future of @INCIndia which is going to be dead without #BlackMoney #DeMonetisaton @OfficeOfRG pic.twitter.com/5RGnJN8RSk,,@INCIndia @OfficeOfRG,#BlackMoney #DeMonetisaton,8.02E+17,https://twitter.com/Mukt_Mann/status/801687092409630720,
,11/24/16 02:20,3,9,'Monumental management failure',,,,,,
,11/24/16 02:20,3,2,LIVE: You have made 24 changes since the #DeMonetisaton announcement: @quizderek,,@quizderek,#DeMonetisaton,8.02E+17,https://twitter.com/FinancialXpress/status/801686867527626752,
,11/24/16 02:18,111,10,time arrive to make changes in constitution #Demonetisaton #PanasonicPhonefest #FreechargeKiyaMatlabCashDiya #DeshKiTile #RaTantrum #Rupee,,,#Demonetisaton #PanasonicPhonefest #FreechargeKiyaMatlabCashDiya #DeshKiTile #RaTantrum #Rupee,8.02E+17,https://twitter.com/TheVineetDubey/status/801686486781333504,
,11/24/16 02:15,0,0,#demonetisaton #ReManmohanisation,,,#demonetisaton #ReManmohanisation,8.02E+17,https://twitter.com/ProudIndian66/status/801685612717715456,
,11/24/16 02:14,0,0,#demonetisaton Q-Which magic overflows Jan Dhan by INR 21K core's only post #currencyban Is this common ppls money or.. #blackMoneycleanup ?,,,#demonetisaton #currencyban #blackMoneycleanup,8.02E+17,https://twitter.com/abhijitc4/status/801685470560194560,
,11/24/16 02:13,5,5,Here's an apt Bob Dylan quote for you,,,,,,
,11/24/16 02:13,1,2,Someone who was silent for 10 years on his govt scams,,,,,,
,11/24/16 02:12,2,5,In my whole life first time saw Manmohan Singh speaking #demonetisaton Thanku Modiji this is #acchedin pic.twitter.com/tKf23wEh0S,,,#demonetisaton #acchedin,8.02E+17,https://twitter.com/Being_Akbar/status/801685001339215872,
,11/24/16 02:12,0,0,ö¬_ö¬¬ö¿_ö¬¿ö¿ˆ ö¬Èö¿ˆö¬_ö¬Ëö¬ôö¿Åö¬_ö¿çö¬_ö¿Åö¬»ö¿çö¬´... ö¬Âö¬Ëö¬_ö¿_ö¬¬ö¿_ ö¬¬ö¿†ö¬_ö¬¬ö¿çö¬_ö¬_ö¬©ö¿ç ö¬Èö¿†ö¬_ :(( #Demonetisaton https:// twitter.com/rajakumaari/st atus/801681256769429504 äó_,,,#Demonetisaton,8.02E+17,https://twitter.com/varavanaiyaan/status/801684796829089792,
,11/24/16 02:11,0,0,ndtv: People have deposited money in banks but cannot withdraw it: Manmohan Singh on #demonetisaton äó_ https:// twitter.com/i/web/status/8 01683627377500160 äó_,,,#demonetisaton,8.02E+17,https://twitter.com/localdesktop/status/801684599743062016,
,11/24/16 02:08,0,0,Media: please don't show Robert Vadra complaining about #Demonetisaton ? It is insulting to us common people. #aajtak #timesnow #ndtv,,,#Demonetisaton #aajtak #timesnow #ndtv,8.02E+17,https://twitter.com/in_trepid/status/801683790724632576,
,11/24/16 02:07,0,0,#SamajwadiParty MP #AkshayYadav shameful act in #Loksabha . https:// goo.gl/ZdE1tZ #NTVTelugu #Parliament #wintersession #demonetisaton,,,#SamajwadiParty #AkshayYadav #Loksabha #NTVTelugu #Parliament #wintersession #demonetisaton,8.02E+17,https://twitter.com/NtvteluguHD/status/801683715944349696,
,11/24/16 02:07,127,167,People have deposited money in banks but cannot withdraw it: Manmohan Singh on #demonetisaton https:// goo.gl/2QuCM2 pic.twitter.com/WghdWA3Fss,,,#demonetisaton,8.02E+17,https://twitter.com/ndtv/status/801683627377500160,
,11/24/16 02:05,9,7,Will we see waterworks courtesy PM #Modi in Rajya Sabha today? | #Demonetisaton | http:// bit.ly/2fHV67z,,,#Modi #Demonetisaton,8.02E+17,https://twitter.com/DailyO_/status/801683240146735105,
,11/24/16 02:05,13,5,There is no better description for #Demonetisaton than this. Dr Singh hits the nail on the head. https:// twitter.com/rachitseth/sta tus/801678013360287745 äó_,,,#Demonetisaton,8.02E+17,https://twitter.com/Fashionopolis/status/801683118126231552,
,11/24/16 02:05,0,2,ö¬Áö¿‰ö¬Èö¬_ö¬¿ö¿ç ö¬Âö¿†ö¬ôö¿çö¬ôö¿Å ö¬µö¬Ëö¬µö¬´ö¬_ö¬Áö¬_ö¿çö¬_ö¬Ëö¬_ö¿ç ö¬Íö¬Çö¿Åö¬»ö¿çö¬´ö¬¬ö¿_ö¬´ö¿çö¬´ö¬Èö¿çö¬Èö¬ôö¿çö¬ô ö¬_ö¬Çö¬_ö¿_ ö¬ƒö¬Áö¬_ö¿Å ö¬Âö¬Ëö¬´ö¬Çö¿çö¬_ö¿çö¬_ö¬Ëö¬¿ö¿Åö¬_ö¿çö¬_ö¬_ö¿Å: ö¬´ö¬_ö¬»ö¿çö¬´ö¬Ëö¬Áö¬Ÿö¿ç #Demonetisaton #parliamentdebate #wintersession,,,#Demonetisaton #parliamentdebate #wintersession,8.02E+17,https://twitter.com/PTTVOnlineNews/status/801683078741528576,
,11/24/16 02:05,0,1,It was better to gift every young person under 45 a Dictionary to make them understand meaning of queue na? #DeMonetisaton,,,#DeMonetisaton,8.02E+17,https://twitter.com/VenuSpeak/status/801683017970368512,
,11/24/16 02:04,0,2,ö_Âö«†ö_ôö__ö_åö_‰ö__ö«ó ö_Êö__ö__ö_Èö_Áö«çö_¿ö_‰ö__ ö«åö«_ ö__ö«ˆ ö«åö«‚ ö__ö«†ö_´ö__ö_‰ö__ö__ ö_åö__ö«ó ö_„ö«ˆö__ö«ˆ: ö_Âö_Áö«ˆö__ ö_ƒö_„ö«çö_Áö_µö__ö__ https:// goo.gl/xMntsO #demonetisaton #notesban #NoteBandi,,,#demonetisaton #notesban #NoteBandi,8.02E+17,https://twitter.com/Saamanaonline/status/801682825065832448,
,11/24/16 02:03,3,6,ö¬Èö¿†ö¬_ö¿Åö¬¬ö¬_ö¬© ö¬Èö¬£ö¬¬ö¿ç ö¬ˆö¬_ö¿çö¬_ö¬_ö¬_ö¬_ö¬_ö¬_ö¿ç ö¬¬ö¬´ö¿çö¬´ö¬_ö¿ç ö¬Èö¬ôö¿Åö¬¬ö¿ç ö¬_ö¿Åö¬¿ö¬Áö¬¬ö¿ç ö¬´ö¬µö¬_ö¿_ö¬¿ö¬_ö¬Ëö¬´ö¿çö¬´ö¬Ëö¬±ö¬_ö¿Å: ö¬´ö¿Åö¬_ö¬_ö¬¬ö¿çö¬Âö¬Èö¬Ë ö¬Êö¬_ö¬_ö¬_ö¿ç #Demonetisaton #Parliament #wintersession,,,#Demonetisaton #Parliament #wintersession,8.02E+17,https://twitter.com/PTTVOnlineNews/status/801682682996371456,
,11/24/16 01:59,3,7,ö¬Èö¬Ëö¬Áö¬_ö¬¬ö¬Áö¿ç ö¬Âö¬Áö¿ˆö¬Âö¿çö¬_ö¬Ëö¬Áö¬¬ö¿†ö¬ôö¬Ë ö¬ƒö¬µö¿_ö¬´ö¿çö¬´ö¿Å ö¬µö¬Áö¿Åö¬´ö¿_ ö¬_ö¬Âö¿çö¬_ ö¬Âö¬Ëö¬_ö¿_ö¬¿ö¬Ëö¬_ö¿ç ö¬µö¬Ëö¬µö¬_ö¬_ö¬¬ö¿ç ö¬_ö¿_ö¬ôö¬Áö¿çö¬Âö¿çö¬_ö¿Å ö¬Âö¬ôö¿_ö¬Èö¿Êö¬±ö¿çö¬±ö¿Å ö¬µö¬Áö¿Åö¬´ö¬Ëö¬±ö¬_ö¿Å #Demonetisaton #Parliament #Wintersession,,,#Demonetisaton #Parliament #Wintersession,8.02E+17,https://twitter.com/PTTVOnlineNews/status/801681683225247744,
,11/24/16 01:59,1,1,öÈ_öÈËöÈµöÈŸö‚ˆöÈÂöÈ_öÈÂö‚† öÈ¿ö‚Å öÈôöÈÁö‚çöÈÂöÈ€ öÈÂö‚†öÈô öÈåö‚ˆöÈÂ öÈÂöÈËöÈÁö‚çöÈ£öÈ¿ öÈêöÈ_öÈËöÈ_öÈ_öÈŸöÈËöÈ´ öÈƒöÈÂö‚ˆ öÈŸöÈ_öÈ_öÈŸöÈËöÈ´ #Shivsena #Demonetizaton #Demonetisaton #currencyban https:// goo.gl/JZ9SfT,,,#Shivsena #Demonetizaton #Demonetisaton #currencyban,8.02E+17,https://twitter.com/khabarchhe/status/801681662446665728,
,11/24/16 01:58,0,1,Why don't you join hands with other political parties opposing #demonetisaton and protest at Jantar Mantar with them??,,,#demonetisaton,8.02E+17,https://twitter.com/IAkanshaKohli/status/801681414181638144,
,11/24/16 01:58,5,9,ö¬¬ö¬©ö¿çö¬¬ö¿†ö¬´ö¬©ö¿ç ö¬_ö¬Ëö¬»ö¿çö¬´ö¿ˆ ö¬_ö¿Êö¬_ö¬Ëö¬µö¬_ ö¬ˆö¬µö¿çö¬_ö¿† ö¬_ö¿Êö¬Âö¿çö¬_ö¬Ëö¬¿ö¬_ ö¬Èö¿ˆö¬_ö¬Ë ö¬´ö¿†ö¬µö¬Èö¿çö¬Èö¬ôö¿çö¬Áö¿Åö¬´ö¿çö¬´ö¬_ö¬Áö¿çö¬©ö¿çö¬©ö¬_ ö¬Âö¬Ëö¬_ö¿çö¬_ö¬¿ö¬¬ö¿ç ö¬µö¬Ëö¬_ö¿_ö¬µö¿Åö¬´ö¬_ö¿ç ö¬¬ö¿†ö¬_ö¬¬ö¬_ö¬©ö¬_ö¬_ö¬´ö¬_ö¿çö¬_ö¬_ö¬©ö¿ç ö¬ˆö¬Áö¿Åö¬´ö¿çö¬´ö¬Èö¿çö¬Èö¿†ö¬µö¿Åö¬_ö¿Å :(( #Demonetisaton,,,#Demonetisaton,8.02E+17,https://twitter.com/rajakumaari/status/801681256769429504,
,11/24/16 01:57,0,1,Manmohan Singh speaking live at RS. I was desperately waiting for his views over this so called #Demonetisaton fiasco.,,,#Demonetisaton,8.02E+17,https://twitter.com/DevvratUnadkat/status/801681173139189760,
,11/24/16 01:55,2,7,Dr Manmohan Singh the only speaker who really understands the ecomomical impact of #Demonetisaton,,,#Demonetisaton,8.02E+17,https://twitter.com/bigotry_watch/status/801680696263610368,
,11/24/16 01:54,11,13,SC judges seems to be badly hurt by demonetisaton . conflict of interest ?,,,,8.02E+17,https://twitter.com/mrahi2/status/801680483759161344,
,11/23/16 23:32,1,0,@PMOIndia Hypocrites shed tears over demonetisaton effect on common men. By-polls gave them rude shock,,,,,,
,11/23/16 23:18,5,12,Opposition leaders to meet in Parliament today at 10 am over #Demonetisaton ; PM Modi likely to speak at Rajya Sabha,,,#Demonetisaton,8.02E+17,https://twitter.com/CNNnews18/status/801641153191755776,
,11/23/16 22:58,0,0,Demonetisaton will make India more moral,,,,8.02E+17,https://twitter.com/DrKSVarma/status/801636109604294656,
,11/23/16 22:20,0,0,@narendramodi sir demonetisaton will be more effective if we recover bad loans from corporate defaulters.There is no intent from our banks,,@narendramodi,,8.02E+17,https://twitter.com/ankitbjoshi/status/801626558364602368,
,11/23/16 22:15,0,0,you can scarcely Believe one politician capable of such deception,,,,,,
,11/23/16 22:12,3,1,Easiest people to deceive are those,,,,,,
,11/23/16 11:12,0,0,Black money babus- you are out after Demonetisaton pic.twitter.com/MFeJiegTiJ,,,,8.01E+17,https://twitter.com/DrKSVarma/status/801458451331235840,
,11/23/16 10:58,0,0,Demonetisaton will bring down the cost of construction pic.twitter.com/HgQ3SVbRCE,,,,8.01E+17,https://twitter.com/DrKSVarma/status/801454956825804800,
,11/23/16 10:54,0,0,who says janta supports demonetisaton . Racing Economy has been punctured. The Washington Post says Demon is a big mistake.,,,,8.01E+17,https://twitter.com/prkgarg/status/801453855456116736,
,11/23/16 08:58,0,1,Barbaad kr diya demonetisaton ne desh ko..2019 bjp ka khel khatam... Aam aadmi party zindabd.. Kejriwal zindabd..,,,,8.01E+17,https://twitter.com/sunilsh52245357/status/801424809485746177,
,11/23/16 08:57,0,0,Crucial document from Modi s demonetisaton planning leaked. https:// twitter.com/Mahendran70/st atus/801407582631956480 äó_,,,,8.01E+17,https://twitter.com/wilson_b/status/801424338498916354,
,11/23/16 05:39,0,0,ö¬´ö¬_ö¬µö¬_ö¿çö¬_ö¿Åö¬±ö¿_ö¬¿ö¬Ëö¬©ö¬Áö¬Ëö¬©ö¿ç #ö¬ƒö¬_ö¿çö¬_ö¿Åö¬¬ö¿óö¬±ö¬_ö¿ç ! #BrutalAttack #PoliceCharge #Demonetisaton #ö¬_ö¬_ö¿çö¬_ö¬Áö¬Èö¿çö¬Èö¬Ëö¬Áö¬_ö¿ˆö¬_ö¬_ö¿çö¬_ö¬Ëö¬_ö¿ç ö¬µö¬»ö¿çö¬´ö¬Ëö¬¿ö¬Ëö¬_ö¿ç #ö¬Èö¬£ö¬¬ö¿ç ... http:// fb.me/5xxeunt6d,,,#ö¬ƒö¬_ #BrutalAttack #PoliceCharge #Demonetisaton #ö¬_ö¬_ #ö¬Èö¬£ö¬¬,8.01E+17,https://twitter.com/NyusuTamil/status/801374657639288832,
,11/22/16 23:53,0,0,Get in Line äóî A Villanelle on Demonetisaton http:// indianculturalforum.in/2016/11/22/get -in-line/ äó_,,,,8.01E+17,https://twitter.com/nnyguha48/status/801287420486389760,
,11/22/16 22:44,0,0,@ShashiTharoorUr Jibes at Demonetisaton .DirtyMony created in 70 yrs cant b over in one step.PM hs tkn BoldStep-need more.V suport him.Regrds,,@ShashiTharoorUr,,8.01E+17,https://twitter.com/sharma3929/status/801270072316596224,
,11/22/16 22:37,0,2,#Demonetisaton #CashlessEconomy Pertinent Questions https:// twitter.com/SalmanSoz/stat us/800895233177296896 äó_,,,#Demonetisaton #CashlessEconomy,8.01E+17,https://twitter.com/naazneenhumza/status/801268355797614593,
,11/22/16 22:17,2,2,with #demonetisaton watch just how the Migrating converts claim their returns to mainstream @PMOIndia @DrABChandorkar @GOUTOMC,,@PMOIndia @DrABChandorkar @GOUTOMC,#demonetisaton,8.01E+17,https://twitter.com/Batdots/status/801263402823749632,
,11/22/16 14:03,0,0,bank was robbed before demonetisaton,,,,8.01E+17,https://twitter.com/ishfaq731/status/801139062212100097,
,11/22/16 09:35,0,2,#demonetisaton : Govt extends parking fee waiver at #airports till November 28,,,#demonetisaton #airports,8.01E+17,https://twitter.com/NewsNationTV/status/801071640276652033,
,11/22/16 08:34,0,0,#demonetisaton pic.twitter.com/VePR5nYp8Y,,,#demonetisaton,8.01E+17,https://twitter.com/IqbolHossain/status/801056378982797313,
,11/22/16 03:36,2,1,Your note problems make PM Modi cry #PM #demonetisaton #emotionalspeech #curr http:// bit.ly/2gx6AyI pic.twitter.com/mCeHptq39W,,,#PM #demonetisaton #emotionalspeech #curr,8.01E+17,https://twitter.com/news24tvchannel/status/800981144007282688,
,11/22/16 03:27,0,1,Narendra Modi cries #PM #demonetisaton #emotionalspeech #curr http:// bit.ly/2gx6AyI pic.twitter.com/nxiwwcgvoZ,,,#PM #demonetisaton #emotionalspeech #curr,8.01E+17,https://twitter.com/news24tvchannel/status/800979111762083841,
,11/22/16 02:37,0,2,Tears in Modi's eyes...says note ban is to help poor #PM #demonetisaton #emotionalspeech #curr http:// bit.ly/2gx6AyI pic.twitter.com/Ql1YBvbDnQ,,,#PM #demonetisaton #emotionalspeech #curr,8.01E+17,https://twitter.com/news24tvchannel/status/800966444351717376,
,11/22/16 01:30,0,1,#Demonetisaton in a Booming Economy is Like Shooting at Tyres of a Racing Car - JEAN DREZE,,,,,,
,11/21/16 13:17,0,0,It's the worst situation to be in no money because of #DeMonetisation #shame_ demonetisaton left poors to die just to get fame,,,#DeMonetisation #shame_,8.01E+17,https://twitter.com/Abdullahdeshmu3/status/800765190866403329,
,11/21/16 11:40,0,1,Demonetisation: #Queues Persist Outside #Banks and ATMs on Day 12 - https://www. punjabupdate.com/2016/11/21/dem onetisation-queues-persist-outside-banks-and-atms-on-day-12 äó_ - #Atm #Demonetisaton,,,#Queues #Banks #Atm #Demonetisaton,8.01E+17,https://twitter.com/Punjabupdate/status/800740628220907520,
,11/21/16 11:33,0,0,what u opposition crying like small children? U want Modi sir 2 speak on Demonetisaton Modi said know wait for 50 days. Wait then,,,,8.01E+17,https://twitter.com/alex_gaga1961/status/800738999006470144,
,11/21/16 10:31,0,0,@quizderek u want obituary message in house abt demonetisaton deaths,,,,,,
,11/21/16 07:44,0,0,Good decision. Does it have some links 2 demonetisaton of 500 & 1000 notes??? Liquidity crunch a sure dampner. https:// twitter.com/IndiaTodayFLAS H/status/800679740562493440 äó_,,,,8.01E+17,https://twitter.com/Vickypats66/status/800681219599974401,
,11/21/16 01:17,2,0," Demonetisaton crisis? What #Demonetisaton crisis?"" https:// twitter.com/MVenkaiahNaidu /status/800569849831374848 äó_""",,,#Demonetisaton,8.01E+17,https://twitter.com/pierrefitter/status/800583844109910016,
,11/20/16 23:36,0,0,Demonetisaton jolt to corrupt politicians... vs An #Earthquake ,,,,,,
,11/20/16 20:46,0,0,"#demonetisaton for the good of poor & middleclass"""," more money in banks less interest rates:Modi @MumbaiMirror http:// epaperbeta.timesofindia.com/Article.aspx?e id=31821&articlexml=Modi-balm-for-public-whip-for-Mamata-21112016013008 äó_""",,@MumbaiMirror,#demonetisaton,8.01E+17,https://twitter.com/SobhanaMIRROR/status/800515698069864448
,11/20/16 14:46,2,1,#demonetisaton pic.twitter.com/OG0DB6Fjsi,,,#demonetisaton,8.00E+17,https://twitter.com/Sirensongs/status/800425207919968256,
,11/20/16 13:52,0,1,"Bank employee died is news. Due to #demonetisaton "" is opinion of reporter/editor http:// google.com/newsstand/s/CB Iw0PPHxDA äó_""",,,#demonetisaton,8.00E+17,https://twitter.com/Deshabhakta/status/800411588217843713,
,11/20/16 13:48,1,0,So far 5 Lakh Crore cash deposited to bank after Modi's call of #DeMonetisaton https:// twitter.com/CollChris/stat us/800409721895165952 äó_,,,#DeMonetisaton,8.00E+17,https://twitter.com/dilipjain1979/status/800410424206364672,
,11/20/16 13:45,0,0,like I tweeted earlier a vegetable vendor,,,,,,
,11/20/16 13:26,0,0,#Gujarat #demonetisaton öÈÁöÈ_öÈìöÈ´ö‚†öÈôöÈ¬öÈ_öÈ‰ 1.15 öÈ´öÈÁö‚†öÈçöÈÂö‚ó öÈÈö‚çöÈÁöÈ_öÈËöÈåöÈ‰öÈ_öÈËöÈ_ öÈ_öÈ_öÈ£ö‚ó öÈÂö‚†öÈôö‚† öÈìöÈÈö‚çöÈ_; öÈèöÈ´ öÈ_öÈ_ö‚çöÈŸöÈÂö‚ó öÈ_öÈÁöÈÈöÈ´öÈç https:// goo.gl/cf1yI7 pic.twitter.com/2hwPqseSmr,,,#Gujarat #demonetisaton,8.00E+17,https://twitter.com/chitralekhamag/status/800404865528696832,
,11/20/16 13:20,0,0,RBI must deliver on PM Modi's promise #demonetisaton http:// n.mynews.ly/!8B.EpmYG,,,#demonetisaton,8.00E+17,https://twitter.com/ketan72/status/800403557555924992,
,11/20/16 12:54,0,0,Demonetisaton netiher tackles d source nor d end of black money...,,,,8.00E+17,https://twitter.com/MADhav110193/status/800396829510627328,
,11/20/16 12:48,0,1,@ArvindKejriwal And you assumes every thing ma'am.Just think if others assumes about your integrity #demonetisaton,,@ArvindKejriwal,#demonetisaton,8.00E+17,https://twitter.com/Aakashveer306/status/800395365052596224,
,11/20/16 12:25,0,0,disastrous impact of #demonetisaton bomb will take time to play out Even smart money in markets reacted after 2 trading days,,,#demonetisaton,8.00E+17,https://twitter.com/bapi_1/status/800389739740151808,
,11/20/16 11:41,0,1,@narendramodi Demonetisaton will clean up whole dirt accumulated since almost 70 years,,@narendramodi,,8.00E+17,https://twitter.com/DrKSVarma/status/800378470106861568,
,11/20/16 11:36,0,1,@narendramodi I salute our Banking system for its commendable work to make the Demonetisaton success,,@narendramodi,,8.00E+17,https://twitter.com/DrKSVarma/status/800377382800498688,
,11/20/16 11:32,0,1,still,,,,,,
,11/20/16 11:20,0,0,@narendramodi Demonetisaton ,,,,,,
,11/20/16 11:14,0,0,@narendramodi Demonetisaton ,,,,,,
,11/20/16 11:13,0,0,@narendramodi Demonetisaton ,,,,,,
,11/20/16 08:38,0,0,We are sure we will get benefit due to demonetisaton,,,,8.00E+17,https://twitter.com/Baveysh/status/800332604037681153,
,11/20/16 08:23,0,2,Demonetisaton is nothing but BJP jumla. Fool people for dirty politics.,,,,8.00E+17,https://twitter.com/alex_gaga1961/status/800328610447966212,
,11/20/16 08:04,0,0,Demonetisaton is a political fight n nothing else,,,,,,
,11/20/16 07:57,0,0,Demonetisaton #Modi was just a show to stop opposition political parties in UP,,,,,,
,11/20/16 07:46,0,0,businessfortnightcom #Assocham #Banks .DigtalPayments #Demonetisaton http:// businessfortnight.com/modis-demoneti sation-move-swell-digital-payment-platforms-kitty äó_ pic.twitter.com/ZKPrqHUDAF,,,#Assocham #Banks #Demonetisaton,8.00E+17,https://twitter.com/bitcoinagile/status/800319383230763008,
,11/20/16 01:28,0,0,bomblast busburn demonetisaton khoonpasinakikamayitoh middlclassgariboki chaligayiyekuchb bolebachnysakengebjp indiaded,,,,8.00E+17,https://twitter.com/marvelmachine/status/800224305401319424,
,11/20/16 01:27,0,0,bomblast busburn demonetisaton khoonpasinakikamayitoh middlclassgariboki chaligyi yekuchb bolebachnysakengebjp indiadead @ArvindKejriwal,,@ArvindKejriwal,,8.00E+17,https://twitter.com/marvelmachine/status/800223916337700864,
,11/19/16 21:34,0,0,All the aggression,,,,,,
,11/19/16 19:28,0,0,#DeMonetisaton http:// ln.is/prabhatkhabar. com/NicQ9 äó_ http:// fb.me/2xqVH24xB,,,#DeMonetisaton,8.00E+17,https://twitter.com/vijoykantdas/status/800133738340515841,
,11/19/16 19:28,0,0,#DeMonetisaton http:// ln.is/prabhatkhabar. com/NicQ9 äó_,,,#DeMonetisaton,8.00E+17,https://twitter.com/vijoykantdas/status/800133694119931904,
,11/19/16 18:05,0,0,60 people die across d country..SMALL INCONVENIENCE #demonetisaton @audio_pervert @manialmal @ArvindKejriwal @DaaruBaazMehta @VishalDadlani,,@audio_pervert @manialmal @ArvindKejriwal @DaaruBaazMehta @VishalDadlani,#demonetisaton,8.00E+17,https://twitter.com/Apocalypse732/status/800112854070394880,
,11/19/16 17:19,0,0,Reverse gear may take you forward when you move turning your back.. #demonetisaton leading to barter system #indiagovt turning back on people,,,#demonetisaton #indiagovt,8.00E+17,https://twitter.com/akbarjf/status/800101192231591936,
,11/19/16 11:41,1,0,Q: How did SC figure that #demonetisaton could result in riots? A: They overheard AAP leaders talk abt it... https:// twitter.com/TheJaggi/statu s/799862199313256450 äó_,,,#demonetisaton,8.00E+17,https://twitter.com/SoulInExile/status/800016212109365248,
,11/19/16 11:30,32,32,#BestOfTheWeek Even the dreaded dacoit was forced to stand in the bank queue due to #demonetisaton http://www. news18.com/news/india/dem onetisation-brings-dreaded-dacoit-to-bank-in-gwalior-1313098.html äó_,,,#BestOfTheWeek #demonetisaton,8.00E+17,https://twitter.com/CNNnews18/status/800013274490114048,
,11/19/16 07:43,2,2,@AmitShah Nation's willing to #Salute @narendramodi for #demonetisaton the @BJP4India should back him Nationally by helping the common man !,,@AmitShah @narendramodi @BJP4India,#Salute #demonetisaton,8.00E+17,https://twitter.com/AbrahamTJ1960/status/799956316991037441,
,11/19/16 06:51,0,0,Demonetisation a good initiative,,,,,,
,11/19/16 05:38,482,1194,Thankful 2all BJP workers who are on the streets helping people in banking processes #Salute #YouthWithBJP #demonetisaton #ö_Âö_¬ö«†_ö_Âö_¬ö_€ #respect pic.twitter.com/hfGHbl1AaS,,,#Salute #YouthWithBJP #demonetisaton #ö_Âö_¬ #respect,8.00E+17,https://twitter.com/M_Lekhi/status/799924848298323968,
,11/19/16 05:30,12,13,#BestOfTheWeek | Even the dreaded dacoit was forced to stand in the bank queue due to #demonetisaton http://www. news18.com/news/india/dem onetisation-brings-dreaded-dacoit-to-bank-in-gwalior-1313098.html äó_,,,#BestOfTheWeek #demonetisaton,8.00E+17,https://twitter.com/CNNnews18/status/799922676370288640,
,11/19/16 04:25,3,6,In the long run,,,,,,
,11/19/16 03:55,0,0,#Demonetisaton -one more show (17/11/2016) Achu A[la]sal |Trending Topics in Newspapers Today | Thant... https:// youtu.be/_UHdzHCTKzk via @YouTube,,@YouTube,#Demonetisaton,8.00E+17,https://twitter.com/Rama_Krishnan/status/799898919069044737,
,11/18/16 22:59,0,0,demonetisaton effect on economy- most affected bpl ,,,,,,
,11/18/16 11:38,0,0,Go for an emergency now. #demonetisaton can't be interrupted like this. The very aim of it will be null n void.,,,#demonetisaton,8.00E+17,https://twitter.com/rkmdl/status/799652935210827776,
,11/18/16 09:33,0,0,For knowing this one shd have #IQ which both PM and #Shawari #Kania @yogrishiramdev lacks #stories on #demonetisaton http:// ln.is/www.inuth.com/ india/gRPLC äó_,,@yogrishiramdev,#IQ #Shawari #Kania #stories #demonetisaton,8.00E+17,https://twitter.com/bilal_motorwala/status/799621556704079872,
,11/18/16 07:16,0,0,http:// Rajneeti.co.in Political news portal Ghulam Nabi Azad COMPARES Demonetisaton To Uri Attacks: The News... http:// ow.ly/ASe1506DIZG,,,,8.00E+17,https://twitter.com/Rajneeti_co_in/status/799587050215251969,
,11/18/16 05:55,0,0,#Shocking #Demonetisaton @narendramodi @arunjaitley @ndtv @hailamit https:// twitter.com/ndtv/status/79 9566000450519040 äó_,,@narendramodi @arunjaitley @ndtv @hailamit,#Shocking #Demonetisaton,8.00E+17,https://twitter.com/Mr_journalist07/status/799566736920104960,
,11/18/16 05:52,2,6,Long queue at mobile ATM installed outside Air Force Headquarter in Delhi. #Demonetisaton #live http:// bit.ly/2gpFiuL pic.twitter.com/Vdb4IUEdPU,,,#Demonetisaton #live,8.00E+17,https://twitter.com/firstpost/status/799566056876449792,
,11/18/16 03:22,0,0,Demonetisaton has opened new doors of business. :-) @LegallyIdiot @VodafoneIN,,@LegallyIdiot @VodafoneIN,,8.00E+17,https://twitter.com/kafkaaz/status/799528083724365824,
,11/18/16 02:57,0,0,y selective,,,,,,
,11/17/16 21:08,0,0,@ArvindKejriwal #Demonetisaton Reason why there's pain in your Back.. #Get lost,,@ArvindKejriwal,#Demonetisaton #Get,7.99E+17,https://twitter.com/Gauravkr9770/status/799433978209931264,
,11/17/16 13:38,0,0,@MukulAgarwal66 Do check out this thread on positive effects of #demonetisaton https:// twitter.com/sri9011/status /798215736283934720 äó_,,@MukulAgarwal66,#demonetisaton,7.99E+17,https://twitter.com/sri9011/status/799320883042975744,
,11/17/16 08:26,2,1,Bijaya Bhusan Patra: All oppositon party leadrs caught unawar.Modi- Demonetisaton shock ws massiv & they don't know in which dirction to move,,,,7.99E+17,https://twitter.com/cheku1941/status/799242184880857088,
,11/17/16 03:40,0,0,#StopDemonetisation everyone is supporting demonetisaton ,,,,,,
,11/17/16 02:17,0,1,LOL..Mayawati's almost reduced 2 tears tht PM wont b in d house 2 Ans Qs on #Demonetisaton .. #freakinLovinIt .. don't c why AJ aint enough.??,,,#Demonetisaton #freakinLovinIt,7.99E+17,https://twitter.com/bhargavshreyans/status/799149561596014593,
,11/17/16 02:14,228,224,Mayawati is almost reduced to tears .. that PM wont be in the house to answer Qs on Demonetisaton ... I dont see why AJ isnt enough..,,,,7.99E+17,https://twitter.com/mediacrooks/status/799148718427545600,
,11/17/16 01:45,0,0,The biggest Robbery india #currency_ demonetisaton ... #loan_waived off..,,,#currency_ #loan_waived,7.99E+17,https://twitter.com/islam_johar/status/799141286230032385,
,11/16/16 23:22,0,0,@DrKumarVishwas ö_Áö«‰ö_¬ö__ö_Âö«ó demonetisaton ö__ö«Åö__ö__ö_Ÿö__ ö__ö«† ö_Êö_ì ö_´ö_Á ö__ö«‰ö_Å ,,,,,,
,11/16/16 11:40,0,0,Man Suffers Cardiac Arrest in #Bank Queue,,,,,,
,11/16/16 09:45,0,0,@narendramodi Hope Demonetisaton not a Scam,,,,,,
,11/15/16 21:41,0,0,#news #summary : #currency ban: demonetisaton : here's why these women are happy pic.twitter.com/zNdWJvBom4,,,#news #summary #currency,7.99E+17,https://twitter.com/NetCatNews/status/798717698276552705,
,11/15/16 18:53,0,0,@ArvindKejriwal People of India has already denounces opposition of Demonetisaton by lumped political individuals.,,@ArvindKejriwal,,7.99E+17,https://twitter.com/Joshi1952/status/798675246052044800,
,11/15/16 14:10,0,0,DEMON DEMONising DEMONetisaton ???,,,,7.99E+17,https://twitter.com/charlesparitosh/status/798604140523884545,
,11/15/16 11:32,40,35,Demonetisaton : Here's why these women are happy http:// toi.in/-LfXfY via @timesofindia,,@timesofindia,,7.99E+17,https://twitter.com/hstapanghosh/status/798564335635156992,
,11/15/16 10:55,0,0,@RahulGandhiCong @RahulGandhi @IYC If you understand people 4 You Demonetisaton : Here's why these women are happy http:// toi.in/-LfXfY/a19ci,,@RahulGandhiCong @RahulGandhi @IYC,,7.99E+17,https://twitter.com/HarFUNlimited/status/798554973432709121,
,11/15/16 10:11,1,1,Demonetisaton : these women are happy http:// toi.in/-LfXfY/a19ci @ArvindKejriwal plz see ..u r the ones who is inconvenienced #blackmoneydebate,,@ArvindKejriwal,#blackmoneydebate,7.99E+17,https://twitter.com/souravt5656/status/798543930006437888,
,11/15/16 09:40,35,77,Demonetisaton : Here's why these women are happy http:// toi.in/-LfXfY pic.twitter.com/c4vJRNvUar,,,,7.99E+17,https://twitter.com/timesofindia/status/798536036221616128,
,11/15/16 03:38,0,0,Govts decision is good on demonetisaton now not required to be loose in this matter only problems of public should be cared .,,,,7.98E+17,https://twitter.com/BrijeshkrPathak/status/798444997146279936,
,11/15/16 00:33,0,0,WE PEOPLE OF UNITED BHARAT WHOLE HEARTED SUPPORT OUR MODI' S MISSION TO DEMONETISATON OF RS 500,,,,,,
,11/14/16 14:38,0,0,@PMOIndia my wife is in hospital but I support demonetisaton of 1000 and 500 rs. Jai hind pic.twitter.com/o7bkODDulg,,@PMOIndia,,7.98E+17,https://twitter.com/raghuvanshy/status/798248712774553610,
,11/14/16 10:32,0,0,Discussion on demonetisaton of currency today night was very good. Govt may be advised to supply new currency,,,,7.98E+17,https://twitter.com/Subhash_054/status/798186893380726785,
,11/14/16 05:15,0,0,Having only 300rs bt still happy support Modi for demonetisaton,,,,7.98E+17,https://twitter.com/Parmarkuldeep95/status/798106964953890816,
,11/13/16 23:30,0,0,Banks#shut today,,,,,,
,11/13/16 12:39,0,2,#demonetisaton reduced violence in Kashmir,,,,,,
,11/13/16 12:22,0,0,Odd-even schem predictble; factors known. Demonetisaton theorticaly analyse able but complx outcomes til culminaton. https:// twitter.com/abdullah_0mar/ status/797849856190672896 äó_,,,,7.98E+17,https://twitter.com/SatrajitMukher6/status/797852273145626624,
,11/13/16 08:48,0,0,Kejriwal Sir jee you are THE CANKER . Demonetisaton deprecated you.,,,,7.98E+17,https://twitter.com/Santosh23875578/status/797798340842749952,
,11/13/16 08:39,0,1,Dilli waala Trolling Dilli CM Congress smear campaign trolled too #DeMonetisaton pic.twitter.com/NbJ9lDNDNX,,,#DeMonetisaton,7.98E+17,https://twitter.com/BhariDhaatu/status/797796005987155969,
,11/13/16 08:23,0,0,Ab itne gir gaye Sir jee Law and order panic due to demonetisaton all tolls are free and no strike's fr 14th,,,,,,
,11/13/16 06:48,4,6,Dear media,,,,,,
,11/12/16 13:42,0,0,@shahid_siddiqui Not Demonetisaton but Re Monetisation Total Different Meaning #dictionary,,@shahid_siddiqui,#dictionary,7.98E+17,https://twitter.com/goeltm_tg/status/797509886636539904,
,11/12/16 12:49,2,2,#blackMoneycleanup @ArvindKejriwal TODAY YOU DIDN'T BLAME MODIJI-YES DEMONETISATON WAS REALLY DONE BY MODIJI,,@ArvindKejriwal,#blackMoneycleanup,7.97E+17,https://twitter.com/gknigam/status/797496468760203264,
,11/12/16 08:49,0,0,Reweyou team will go live at 10pm tonight reporting latest developments on Demonetisaton .,,,,7.97E+17,https://twitter.com/Reweyou/status/797436276035244032,
,11/12/16 08:10,0,1,#demonetisaton will shake up d terror funding real bad. Dawood pulverised https:// twitter.com/EconomicTimes/ status/797425407158951936 äó_,,,#demonetisaton,7.97E+17,https://twitter.com/awadkum/status/797426377800568833,
,11/12/16 07:34,7,5,Did anyone see Modi and BJP ministers in the ques exchanging their currencies Anywhere/Somewhere/Nowhere! #Demonetisaton #ö_ƒö_åö_´ö«ó_ö_åö__ö_Á_ö__ö_‰ö_åö«ó_ö_´ö__ö__ö_Á,,,#Demonetisaton #ö_ƒö_åö_´,7.97E+17,https://twitter.com/R_smaranika/status/797417162927472640,
,11/12/16 01:36,0,0,oh really?! let me know if demonetisaton of 500 & 1k was declared months back to any other community? pic.twitter.com/W4Ct9IMie6,,,,7.97E+17,https://twitter.com/audaciousexpo/status/797327270666866688,
,11/11/16 23:38,0,0,@PMOIndia News channels & its rag to riches anchors are wailing as demonetisaton destroyed its' & their's hoarded vast black/blackmail money pic.twitter.com/yxBHzmFcrb,,@PMOIndia,,7.97E+17,https://twitter.com/GovindS92583595/status/797297618367827970,
,11/11/16 22:13,0,0,@horror06 First it's not Demonetisaton it's Re Monetisation please Check the Exact meaning,,@horror06,,7.97E+17,https://twitter.com/goeltm_tg/status/797276028099923968,
,11/11/16 16:02,0,0,sudden decision of demonetisaton proving bane for all classes except ministers,,,,,,